height,user_address,token_address,amount
14730462,0xfF049EC2F92e167a0AaC6bEA0Fb11ec6A9ABFC1b,0xa47c8bf37f92aBed4A126BDA807A7b7498661acD,0.534626717803858953
14730462,0x33eeCc48943aAeabb5328A25ff28eb85F67945C2,0xa47c8bf37f92aBed4A126BDA807A7b7498661acD,0.000000000000144780
14730462,0x13B5EAD700B1b38B8B25C0b4938209df5BAfd2A2,0xa47c8bf37f92aBed4A126BDA807A7b7498661acD,2.623391300923835434
14730462,0xdB886bf718FBf354eb4202b03AD13b1Cafb01276,0xa47c8bf37f92aBed4A126BDA807A7b7498661acD,9883542.913918914273381233
14730462,0x2bc625c82b1987f19B6E68d0B2865eF7cd7048a3,0xa47c8bf37f92aBed4A126BDA807A7b7498661acD,94.503135162108080181
14730462,0x4E9F1b7E889F10a1F0BcCd971d5325Bc0e77B22A,0xa47c8bf37f92aBed4A126BDA807A7b7498661acD,2648.562264479620807833
14730462,0x811D93c8fe06BA7F40C869ab39121B4AE57aee87,0xa47c8bf37f92aBed4A126BDA807A7b7498661acD,25497.477928174081171164
14730462,0x3845b28A99D312199e8821128Bf62705bBfF0D68,0xa47c8bf37f92aBed4A126BDA807A7b7498661acD,51.021044199439145927
14730462,0x0508c3a6CB083b03D760a2cD7bD28A0a32A63E84,0xa47c8bf37f92aBed4A126BDA807A7b7498661acD,52.649072479490897081
14730462,0x1A69d2967E10c62B074585D5B625Ae57A1484732,0xa47c8bf37f92aBed4A126BDA807A7b7498661acD,498.732164509366612037
14730462,0x5f8dB6A165b34d3c7C4Eef1e690eF98FaA503870,0xa47c8bf37f92aBed4A126BDA807A7b7498661acD,183.173267519222633837
14730462,0x1dF1Dc1F7D0F451746cD776bC39e4B0C3A3295B6,0xa47c8bf37f92aBed4A126BDA807A7b7498661acD,76.488280422710332118
14730462,0x5cF43a8660f28e5D5261b411A5Df33840520c1D6,0xa47c8bf37f92aBed4A126BDA807A7b7498661acD,48.510661262550812012
14730462,0x710fDB2dc7774A9755cA36070704D7B12625DfF5,0xa47c8bf37f92aBed4A126BDA807A7b7498661acD,105.103860649164374763
14730462,0xa3E1282ac6116A698A49b2084c5c30fE1947b4A5,0xa47c8bf37f92aBed4A126BDA807A7b7498661acD,2524.526471117788787524
14730462,0xb07FaD7459C9D8b87508861Df78D0BfC3C8Bfb35,0xa47c8bf37f92aBed4A126BDA807A7b7498661acD,131.104474880800154324
14730462,0x9B482B3Bdc25C9b72C4b7767E5AB6bF458AEd16c,0xa47c8bf37f92aBed4A126BDA807A7b7498661acD,276.558090146863492009
14730462,0xb0cf98ef1DcAe360d0F22d21983AcF8008B30AE9,0xa47c8bf37f92aBed4A126BDA807A7b7498661acD,52.449258515534936009
14730462,0x20f9ddFA193D0fe2f73d8b7D749B1355eF019887,0xa47c8bf37f92aBed4A126BDA807A7b7498661acD,0.000916768513199150
14730462,0x6ab615CF8deCFc488186E54066Fc10589C9293A3,0xa47c8bf37f92aBed4A126BDA807A7b7498661acD,9.666999779829428263
14730462,0x2A62e40001C810Eaa18Ce2C6994BC0fa2D073645,0xa47c8bf37f92aBed4A126BDA807A7b7498661acD,22911.878492413787171245
14730462,0x90B0D2d51464EFefB38AAD00F954649cb5d16040,0xa47c8bf37f92aBed4A126BDA807A7b7498661acD,0.053560817827936064
14730462,0xc6dB0b48779435b9a12bf17e687608b926175a8c,0xa47c8bf37f92aBed4A126BDA807A7b7498661acD,386.583917071951702837
14730462,0xf3713B90cf982BA3F006437b29c7Aded7C3f123a,0xa47c8bf37f92aBed4A126BDA807A7b7498661acD,148.373520306257319135
14730462,0x1C6a9783F812b3Af3aBbf7de64c3cD7CC7D1af44,0xa47c8bf37f92aBed4A126BDA807A7b7498661acD,40850.305715644848532975
14730462,0xD059c200403580424690c2c227a400343B0649BB,0xa47c8bf37f92aBed4A126BDA807A7b7498661acD,0.214243271311744254
14730462,0xdf286De6d3de10A6aD6452d0BA94Af7AD7B68F9B,0xa47c8bf37f92aBed4A126BDA807A7b7498661acD,5.099191850761000566
14730462,0x18f768455E7f5fB09fC491fd86bcc282BcDD5973,0xa47c8bf37f92aBed4A126BDA807A7b7498661acD,0.000027912796553816
14730462,0x0E38A4b9B58AbD2f4c9B2D5486ba047a47606781,0xa47c8bf37f92aBed4A126BDA807A7b7498661acD,0.000019329962221986
14730462,0xf8fb13A3F30b1161A9fefA8a3A7b432956633588,0xa47c8bf37f92aBed4A126BDA807A7b7498661acD,55.454502581354830681
14730462,0x9e9b4b29600a416b9F4289F812B8B16716AE0c0b,0xa47c8bf37f92aBed4A126BDA807A7b7498661acD,5.227632234858351268
14730462,0x0E1A27403c8Db973eD1d51f2002798a7022E3F01,0xa47c8bf37f92aBed4A126BDA807A7b7498661acD,25.961515489010054125
14730462,0x403cFe7eEA337FEa68C58bB3F81937Dc7b1f5bC6,0xa47c8bf37f92aBed4A126BDA807A7b7498661acD,459.214861918569681620
14730462,0xfB3485c2e209A5cfBDC1447674256578f1A80eE3,0xa47c8bf37f92aBed4A126BDA807A7b7498661acD,105.703552781614419587
14730462,0x67403E51E25cC42f873DeCD4db7b83faE7BFcDA9,0xa47c8bf37f92aBed4A126BDA807A7b7498661acD,165.545471281734279501
14730462,0x005b0743D8b2eD646499dC48b64B95E71B8afa43,0xa47c8bf37f92aBed4A126BDA807A7b7498661acD,1131.066269854030451825
14730462,0xe80Fd7637D4a3058D095e8989461fFE597CE4a1B,0xa47c8bf37f92aBed4A126BDA807A7b7498661acD,10526.048735283506175620
14730462,0x468Fd68b81475Ac46D00f491bFA52ef8AAa17e97,0xa47c8bf37f92aBed4A126BDA807A7b7498661acD,4.460494104642087621
14730462,0x2D5389cB91b91D2BB6d3E7991802817f8dDEb304,0xa47c8bf37f92aBed4A126BDA807A7b7498661acD,4.199359894954130645
14730462,0xF6C9E9AF314982A4b38366f4AbfAa00595C5A6fC,0xa47c8bf37f92aBed4A126BDA807A7b7498661acD,24.380575025398854905
14730462,0x93A62dA5a14C80f265DAbC077fCEE437B1a0Efde,0xa47c8bf37f92aBed4A126BDA807A7b7498661acD,187.733363775375437399
14730462,0x8CCAB4B2a9f5080b61C7878c1045d79122826EE1,0xa47c8bf37f92aBed4A126BDA807A7b7498661acD,32611.330766354501975002
14730462,0xf33DAc4FD46Ee2d6a77FC2B5De56186075FDeD53,0xa47c8bf37f92aBed4A126BDA807A7b7498661acD,2.086578630625208319
14730462,0xC3Bd2A15a2917b9dE4Ad57C81cf28bb6e453a21D,0xa47c8bf37f92aBed4A126BDA807A7b7498661acD,2594.512902565707008762
14730462,0x28537D30dc4384Bbd3B570c28bd60703bB15f2B7,0xa47c8bf37f92aBed4A126BDA807A7b7498661acD,0.510469041567029325
14730462,0xb0c0283334009d09C6F4Ee43091a92dceF0baC20,0xa47c8bf37f92aBed4A126BDA807A7b7498661acD,0.040335949128053591
14730462,0xF5b9a5159Cb45EfcbA4F499b7B19667EAa649134,0xa47c8bf37f92aBed4A126BDA807A7b7498661acD,10.553042386928757068
14730462,0xBA5b4E56B4793714507320e88e3fE7f7e56ed9A0,0xa47c8bf37f92aBed4A126BDA807A7b7498661acD,1.606824534838081853
14730462,0x394EC4d4615d7dd0736B05e7E91452B4b04BFF1B,0xa47c8bf37f92aBed4A126BDA807A7b7498661acD,11.481036400497639960
14730462,0xFF4bE444Fc838D8a5C1B84Fa05639eDA3fabB6AE,0xa47c8bf37f92aBed4A126BDA807A7b7498661acD,3.107126512445621103
14730462,0x6B38e8965165F18E97bCc11A763bf5a896B3B145,0xa47c8bf37f92aBed4A126BDA807A7b7498661acD,134981.095702276012161747
14730462,0xfc0962770A2A1d142f7b48cb40d04001c73Af840,0xa47c8bf37f92aBed4A126BDA807A7b7498661acD,25.984784626466279178
14730462,0x89F6Dd2F2615471C008E60C86aB0f6727c65C475,0xa47c8bf37f92aBed4A126BDA807A7b7498661acD,769.524932862659738930
14730462,0x1Cba9D034A4e8A9c4aA6A22D7cf16E9028BEcd3f,0xa47c8bf37f92aBed4A126BDA807A7b7498661acD,189.120813290545044083
14730462,0x09e67Ef9c16972D57ec9f19Daa9B51203D4aDA67,0xa47c8bf37f92aBed4A126BDA807A7b7498661acD,73.424833602630926066
14730462,0x9E82b1b2B0Dd8C1C41f86cEAE0b49eF8CCeF9cc2,0xa47c8bf37f92aBed4A126BDA807A7b7498661acD,900.833485376218050078
14730462,0x3CCb805E4e4D97A5f1C2C3C7E98FAc843521eb19,0xa47c8bf37f92aBed4A126BDA807A7b7498661acD,5908.893328213268432592
14730462,0x5984b37DC8F98f089F00CA24032c0536Ce4a25CD,0xa47c8bf37f92aBed4A126BDA807A7b7498661acD,15225.457038296535756672
14730462,0xAE9a6A7386680F4228109526f994421a51b412af,0xa47c8bf37f92aBed4A126BDA807A7b7498661acD,28183.553948657507135067
14730462,0x7FaC097aFeBC44F33e9d597768C33D6988f686BE,0xa47c8bf37f92aBed4A126BDA807A7b7498661acD,10320.351490633118373808
14730462,0x9D067a1051cb998155418943Aca803a390cA566d,0xa47c8bf37f92aBed4A126BDA807A7b7498661acD,23436.064763600665173726
14730462,0x4a64a70165c1BD1A796e29349826AD491FCe53f7,0xa47c8bf37f92aBed4A126BDA807A7b7498661acD,267804.104165467084385455
14730462,0x5Bb655AD34A7176c10026E0b65bFF24Be66DA7d4,0xa47c8bf37f92aBed4A126BDA807A7b7498661acD,35680.740692398430837784
14730462,0x56671594cD869bEf415296e028B4aAD4Ea61d041,0xa47c8bf37f92aBed4A126BDA807A7b7498661acD,25777.038432345263572643
14730462,0x3d57b83154423EDb0bA0E747B03858E69075FCa1,0xa47c8bf37f92aBed4A126BDA807A7b7498661acD,27430.127272467725561000
14730462,0x4C3c78cEbc9Cc87436dEEd2782998bC002F2B69f,0xa47c8bf37f92aBed4A126BDA807A7b7498661acD,111156.919990016918745823
14730462,0x7CCCDD4494aB1Ad1bC955964C3C511CdE8F7034B,0xa47c8bf37f92aBed4A126BDA807A7b7498661acD,78589.290563442031270824
14730462,0xf81bA3F3E354264cF757FC2827436c3853438b58,0xa47c8bf37f92aBed4A126BDA807A7b7498661acD,127.387335630740793135
14730462,0x67f62ad894d091B03B4379E52501048C0704A80e,0xa47c8bf37f92aBed4A126BDA807A7b7498661acD,53.075212118199047495
14730462,0xca8586823A14d4187Fc3fB15F854E96516909785,0xa47c8bf37f92aBed4A126BDA807A7b7498661acD,0.525805576667533026
14730462,0x4867C594207579372de7A4f13574a9cdd3ebb49f,0xa47c8bf37f92aBed4A126BDA807A7b7498661acD,727.324778643156264479
14730462,0x97198066f3D65B34135d9990f3dA45D3BeeDE654,0xa47c8bf37f92aBed4A126BDA807A7b7498661acD,1322.671972930790389000
14730462,0x50bb44166F30080609EF5420C86687357e1B74Cb,0xa47c8bf37f92aBed4A126BDA807A7b7498661acD,1020.623743396784334436
14730462,0x7089829adEbe44542653FbbB47dAbC4CeA93677C,0xa47c8bf37f92aBed4A126BDA807A7b7498661acD,2425.839944181785085675
14730462,0x5aa940475B55AFc98a8490F9dC32a66Bd989eE68,0xa47c8bf37f92aBed4A126BDA807A7b7498661acD,18.512719095853864104
14730462,0x4aa01d56D056141766E4e7b61efF5b5375aa6bb1,0xa47c8bf37f92aBed4A126BDA807A7b7498661acD,4734.308108273531615851
14730462,0x82FF57AEe0A6c4553eC75c782DC2FB049AAd3241,0xa47c8bf37f92aBed4A126BDA807A7b7498661acD,35609.067373835714533925
14730462,0xE366619833126918F7fd3Bdf516002BdaDF1ae5f,0xa47c8bf37f92aBed4A126BDA807A7b7498661acD,18.590226568670338736
14730462,0x81F2Ffe9B3BC8BA921243dE754337983dBECA2e1,0xa47c8bf37f92aBed4A126BDA807A7b7498661acD,164.515523129648840950
14730462,0xD498Fb8d9da6fcd64f9C0dd27E0B22C84Eaa02F1,0xa47c8bf37f92aBed4A126BDA807A7b7498661acD,0.185585525856046846
14730462,0x9DE3327c7183c813F6dF4Fd51B09313F180e8D70,0xa47c8bf37f92aBed4A126BDA807A7b7498661acD,185.599010919280516418
14730462,0x1853D19Cc1305CEf5F317F17156289Fdf758BB0E,0xa47c8bf37f92aBed4A126BDA807A7b7498661acD,2.228462605263304308
14730462,0xDe315aCf47EEc9B519d0ded389F51525cF73dD63,0xa47c8bf37f92aBed4A126BDA807A7b7498661acD,14.591410764765978314
14730462,0xCd468d6421A6c5109D6C29698548B2Af46A5e21B,0xa47c8bf37f92aBed4A126BDA807A7b7498661acD,21747.796143111423589289
14730462,0xD63BA15B397f765e7152f68CE1f78e9c2da395C2,0xa47c8bf37f92aBed4A126BDA807A7b7498661acD,4196.385111372062965529
14730462,0x0af9A3A1Eb903A6d9D7e48973e57ed3d123eAc34,0xa47c8bf37f92aBed4A126BDA807A7b7498661acD,947.045930445406838771
14730462,0x449429FBc272ccf38b177BFd30D12aa1c8990A3C,0xa47c8bf37f92aBed4A126BDA807A7b7498661acD,89.956550653763088121
14730462,0xD911C34256255eA1Df33e4ce2CD207A30f012465,0xa47c8bf37f92aBed4A126BDA807A7b7498661acD,38.353577083824802685
14730462,0x63B8C91Dd55626DB091Da26bA96bD8Dd3F36820b,0xa47c8bf37f92aBed4A126BDA807A7b7498661acD,3.681256132999587649
14730462,0x9f78Fa06Ab709BE30F61ffEaec2DBF9863BD2e34,0xa47c8bf37f92aBed4A126BDA807A7b7498661acD,18.322786205247638236
14730462,0xEB3BCF29f73C962d125E6afF8C12E566877d7490,0xa47c8bf37f92aBed4A126BDA807A7b7498661acD,11.666361591701150502
14730462,0x270d6a3fbdb06277E10e1191CC98D27CCd8AC44D,0xa47c8bf37f92aBed4A126BDA807A7b7498661acD,721.100573807373280033
14730462,0xaC0f76A8c30E23bc197D26465e7bE319713c5224,0xa47c8bf37f92aBed4A126BDA807A7b7498661acD,2785.547545464979521057
14730462,0x5eB0cf5F601f7Fd0816f632af338EFb292B01316,0xa47c8bf37f92aBed4A126BDA807A7b7498661acD,0.186132693519893450
14730462,0x723d64860fBa8B27b5EF3dbDd7B52772BFB082Ab,0xa47c8bf37f92aBed4A126BDA807A7b7498661acD,64558.656680006388342008
14730462,0x28685CbF9B940923bd3de39232Fb418243fb1e16,0xa47c8bf37f92aBed4A126BDA807A7b7498661acD,93336.938788753759581596
14730462,0xD3939925c874150c03AA6929d5d6Aa1561Ba2DBc,0xa47c8bf37f92aBed4A126BDA807A7b7498661acD,12.600358100403534323
14730462,0x1E992aC6B62fEa6F5D20E5AC367E44f3F444550F,0xa47c8bf37f92aBed4A126BDA807A7b7498661acD,3432.999989224981618463
14730462,0xdB68C0F5F08Bbe0f4dd18c9cf409B2E46316d69E,0xa47c8bf37f92aBed4A126BDA807A7b7498661acD,648048.603827888728119433
14730462,0x0BCDE2b0E3795dAA6B3b5FA6D3E52550BBFe101e,0xa47c8bf37f92aBed4A126BDA807A7b7498661acD,22443.647831215417681960
14730462,0x722B3043446409Fd487cC502b53371395C5199B2,0xa47c8bf37f92aBed4A126BDA807A7b7498661acD,73882.083356814240687527
14730462,0xd43C713f4b78557e175fe451CAf7Ba31fE7Cb246,0xa47c8bf37f92aBed4A126BDA807A7b7498661acD,12172.694306955787396873
14730462,0x6d9428F945bbCeF347e25326dBaB8831A9d856ba,0xa47c8bf37f92aBed4A126BDA807A7b7498661acD,18.581963011672879560
14730462,0x5796698A29F3626c9FE13C4d3d3dEE987c84EBB3,0xa47c8bf37f92aBed4A126BDA807A7b7498661acD,106250.313508657054626383
14730462,0xC13fD05bf9Aea66d5f00b7aE36d4ed2605AD0803,0xa47c8bf37f92aBed4A126BDA807A7b7498661acD,185.085453820366979016
14730462,0x5ae05f555eECD7C7c4080a2F9Eec1512d7DbF921,0xa47c8bf37f92aBed4A126BDA807A7b7498661acD,15624.860538371398433810
14730462,0x0F70A91DD4Ae5A17868991180C0d4FcdbA82f6b7,0xa47c8bf37f92aBed4A126BDA807A7b7498661acD,277083.889640656823758036
14730462,0x946F9472357846Ece9d937482ff92e4f393a9aF0,0xa47c8bf37f92aBed4A126BDA807A7b7498661acD,352452.317883925396017730
14730462,0x8F6707E8d807835B09394e351d971568bC2B3151,0xa47c8bf37f92aBed4A126BDA807A7b7498661acD,157747.697199463204015046
14730462,0x7A27F0FCDe0AaF0514Bbd8182980768A5f2Cde24,0xa47c8bf37f92aBed4A126BDA807A7b7498661acD,2886887.538716390263289213
14730462,0x1C0b104A9EeFf2F7001348a49fA28b8A0D23d637,0xa47c8bf37f92aBed4A126BDA807A7b7498661acD,3089936.062356901820749044
14730462,0xa5ef69325d3DbBE20c2D67Eff7048cC3b0093706,0xa47c8bf37f92aBed4A126BDA807A7b7498661acD,18480.974125325796194375
14730462,0xD2976A56cD84a91A2E83685a6dC5308315e29f15,0xa47c8bf37f92aBed4A126BDA807A7b7498661acD,714231.501328414422459900
14730462,0x4ff9E52458B1849511B7b207d29a2d5c63a23797,0xa47c8bf37f92aBed4A126BDA807A7b7498661acD,749.010598671661682602
14730462,0xB2297FE3cF303A686C37820E4D3360f2b490db62,0xa47c8bf37f92aBed4A126BDA807A7b7498661acD,813.131303072840978530
14730462,0x7a4AbFBF504275C3e272a844e8E91e4fD730eF9f,0xa47c8bf37f92aBed4A126BDA807A7b7498661acD,14056.225415003314992646
14730462,0x532e42c6D0CE8f8f287F4dB70180Bc5C94b3dF49,0xa47c8bf37f92aBed4A126BDA807A7b7498661acD,1889.960379119417439142
14730462,0xbf012163D33480189c72e6e1037BA841F81adDCC,0xa47c8bf37f92aBed4A126BDA807A7b7498661acD,142.251115748911274750
14730462,0x9DA3E74ee97FA5156484cD8419fc1Ab5d00B55F0,0xa47c8bf37f92aBed4A126BDA807A7b7498661acD,26841.547763803766429191
14730462,0x174D5A5b23a8e3269F70e78B29613128acB8eF0d,0xa47c8bf37f92aBed4A126BDA807A7b7498661acD,488989.772383351228199899
14730462,0xc42830bd7a079bE374419a4fd6faa95b870f4b96,0xa47c8bf37f92aBed4A126BDA807A7b7498661acD,3031.371617724972111318
14730462,0x2a3Ff0B54a5195B39808f5412FB680E80514a1D9,0xa47c8bf37f92aBed4A126BDA807A7b7498661acD,112.472229434742629905
14730462,0x414DA4DbC1a4271452CB779f1A01d6Ba5f36Bee1,0xa47c8bf37f92aBed4A126BDA807A7b7498661acD,55554.235764889053825755
14730462,0x835a3b6ba288DFB93Cfa80D30D7FC0CF81649248,0xa47c8bf37f92aBed4A126BDA807A7b7498661acD,68416.797817649305216037
14730462,0x67c342000410AeeF0475eEE88A000e6a7E3606D0,0xa47c8bf37f92aBed4A126BDA807A7b7498661acD,7408.347502237223125121
14730462,0xADb2A2D01e38E45828C67a0F7d50331e1fE6D995,0xa47c8bf37f92aBed4A126BDA807A7b7498661acD,17633.458220272725156974
14730462,0xBeEB437EedE0e62A796D9e9C337f62746E925832,0xa47c8bf37f92aBed4A126BDA807A7b7498661acD,464.354320189012810260
14730462,0x49b68E78644cb882426C9e5Af2CD34D77dec5F1f,0xa47c8bf37f92aBed4A126BDA807A7b7498661acD,30549.566922761725436430
14730462,0x5D551CE7564b6D9B95559a70A5648af908a8AD09,0xa47c8bf37f92aBed4A126BDA807A7b7498661acD,490654.249353991122916341
14730462,0x65bABEc7bB9bf0fF73EdDEaf1f549f037ae4F11B,0xa47c8bf37f92aBed4A126BDA807A7b7498661acD,21253.944207505879603559
14730462,0x317E3BD72b1d0F17F01B137eA8993d5646E1B2D6,0xa47c8bf37f92aBed4A126BDA807A7b7498661acD,53599.461644285795046017
14730462,0xeEDFaB49602919CF17796A7b223fBD8Ad8c4B505,0xa47c8bf37f92aBed4A126BDA807A7b7498661acD,11031.254586780951285618
14730462,0x7f5666Ed77408122dff4B2f029CdD7eEbdc5EF27,0xa47c8bf37f92aBed4A126BDA807A7b7498661acD,14366.765347761762313894
14730462,0x12d2dd1c6389A66a53f9AF8f1bb54607C6Ca1305,0xa47c8bf37f92aBed4A126BDA807A7b7498661acD,30459.433654767424741294
14730462,0xDbE692E262bD186Cab4E7e1bc0ecd4c3d4252DA1,0xa47c8bf37f92aBed4A126BDA807A7b7498661acD,658649.179924243362620473
14730462,0xEe61b5408f80Ed8FFF296Fdf8cB1495d6dB60Bc3,0xa47c8bf37f92aBed4A126BDA807A7b7498661acD,2379.784627817133241479
14730462,0xaC5406AEBe35A27691D62bFb80eeFcD7c0093164,0xa47c8bf37f92aBed4A126BDA807A7b7498661acD,516024.402411507267970592
14730462,0xaad11A37B820F7981b66a41AaA03c076867f1705,0xa47c8bf37f92aBed4A126BDA807A7b7498661acD,479.946631109569239015
14730462,0x3FbF165baC0Da988e48072f04fEF3De9C3d2244b,0xa47c8bf37f92aBed4A126BDA807A7b7498661acD,2765.523092042654752731
14730462,0xf0743B6eA7673C0866767DA7A04e6574D6F5CA37,0xa47c8bf37f92aBed4A126BDA807A7b7498661acD,367899.178993656882084906
14730462,0x751065A2B550a2f1B6612554C6C1d7efef1374bf,0xa47c8bf37f92aBed4A126BDA807A7b7498661acD,7375.265619798346051539
14730462,0x88878FBC237E8aA12Fd99a06c97d02418183Ffd0,0xa47c8bf37f92aBed4A126BDA807A7b7498661acD,18403.726120087441813666
14730462,0x12b5c9191E186658841F2431943c47278f68E075,0xa47c8bf37f92aBed4A126BDA807A7b7498661acD,1632959.633811700623482466
14730462,0x8b597bd197B5a6cC53e09CeF65FE918FF0E66c76,0xa47c8bf37f92aBed4A126BDA807A7b7498661acD,22818.405658932606456801
14730462,0x3dC606cE9cCA12196917A3267A8AE7008E018958,0xa47c8bf37f92aBed4A126BDA807A7b7498661acD,46022.220477589158690535
14730462,0x88D838bF9755A596b8e373C42f70962B5Ea5C2CB,0xa47c8bf37f92aBed4A126BDA807A7b7498661acD,477.894924472194418286
14730462,0x9D4Cd359f696DC98ee94A2292371E3E042a09a0A,0xa47c8bf37f92aBed4A126BDA807A7b7498661acD,506878.226824732322711498
14730462,0x69Db2C89974f74B4a16e54eB75884465a55f3980,0xa47c8bf37f92aBed4A126BDA807A7b7498661acD,216074.080659555183956400
14730462,0xE5859cbc7a5C954D33480E67266c2bbc919a966e,0xa47c8bf37f92aBed4A126BDA807A7b7498661acD,27183.019530789635609835
14730462,0x3f8b091455EFDC07292b83ce5152A56b608bBe31,0xa47c8bf37f92aBed4A126BDA807A7b7498661acD,4279.968958375418878859
14730462,0x63f54BA574a4e2C69B43355b8490d1089E278371,0xa47c8bf37f92aBed4A126BDA807A7b7498661acD,2320.194288975650579232
14730462,0x7b7cdf48585944A1E11dd423104C089c52FB20BD,0xa47c8bf37f92aBed4A126BDA807A7b7498661acD,45356.146902488981140777
14849042,0xfF049EC2F92e167a0AaC6bEA0Fb11ec6A9ABFC1b,0xa47c8bf37f92aBed4A126BDA807A7b7498661acD,1.187069242460554452
14849042,0x0508c3a6CB083b03D760a2cD7bD28A0a32A63E84,0xa47c8bf37f92aBed4A126BDA807A7b7498661acD,116.900432588198952999
14849042,0x45815Cd56F2E73e886aFd0cc5a547e8B3543CdF4,0xa47c8bf37f92aBed4A126BDA807A7b7498661acD,305.502303828366962080
14849042,0x33eeCc48943aAeabb5328A25ff28eb85F67945C2,0xa47c8bf37f92aBed4A126BDA807A7b7498661acD,0.000000000000321466
14849042,0x3845b28A99D312199e8821128Bf62705bBfF0D68,0xa47c8bf37f92aBed4A126BDA807A7b7498661acD,113.285607079582305801
14849042,0x710fDB2dc7774A9755cA36070704D7B12625DfF5,0xa47c8bf37f92aBed4A126BDA807A7b7498661acD,233.369482080872273855
14849042,0x13B5EAD700B1b38B8B25C0b4938209df5BAfd2A2,0xa47c8bf37f92aBed4A126BDA807A7b7498661acD,5.824899917193751442
14849042,0x2bc625c82b1987f19B6E68d0B2865eF7cd7048a3,0xa47c8bf37f92aBed4A126BDA807A7b7498661acD,209.831946910269607542
14849042,0xa3E1282ac6116A698A49b2084c5c30fE1947b4A5,0xa47c8bf37f92aBed4A126BDA807A7b7498661acD,5605.383393391978643194
14849042,0xb07FaD7459C9D8b87508861Df78D0BfC3C8Bfb35,0xa47c8bf37f92aBed4A126BDA807A7b7498661acD,291.100471594906309747
14849042,0x9B482B3Bdc25C9b72C4b7767E5AB6bF458AEd16c,0xa47c8bf37f92aBed4A126BDA807A7b7498661acD,614.061347168619363401
14849042,0xb0cf98ef1DcAe360d0F22d21983AcF8008B30AE9,0xa47c8bf37f92aBed4A126BDA807A7b7498661acD,116.456771613303075696
14849042,0x20f9ddFA193D0fe2f73d8b7D749B1355eF019887,0xa47c8bf37f92aBed4A126BDA807A7b7498661acD,0.002035565504367969
14849042,0x5f8dB6A165b34d3c7C4Eef1e690eF98FaA503870,0xa47c8bf37f92aBed4A126BDA807A7b7498661acD,406.712468105346545144
14849042,0x1dF1Dc1F7D0F451746cD776bC39e4B0C3A3295B6,0xa47c8bf37f92aBed4A126BDA807A7b7498661acD,169.832299948406756585
14849042,0x5cF43a8660f28e5D5261b411A5Df33840520c1D6,0xa47c8bf37f92aBed4A126BDA807A7b7498661acD,107.711627568383931930
14849042,0xF6C9E9AF314982A4b38366f4AbfAa00595C5A6fC,0xa47c8bf37f92aBed4A126BDA807A7b7498661acD,54.133902706992678588
14849042,0x93A62dA5a14C80f265DAbC077fCEE437B1a0Efde,0xa47c8bf37f92aBed4A126BDA807A7b7498661acD,416.837570028001437095
14849042,0x72A916702BD97923E55D78ea5A3F413dEC7F7F85,0xa47c8bf37f92aBed4A126BDA807A7b7498661acD,1.334061067848165916
14849042,0x6ab615CF8deCFc488186E54066Fc10589C9293A3,0xa47c8bf37f92aBed4A126BDA807A7b7498661acD,21.464318417618812873
14849042,0xf3713B90cf982BA3F006437b29c7Aded7C3f123a,0xa47c8bf37f92aBed4A126BDA807A7b7498661acD,329.444145767088457433
14849042,0x1C6a9783F812b3Af3aBbf7de64c3cD7CC7D1af44,0xa47c8bf37f92aBed4A126BDA807A7b7498661acD,67180.571588143211556599
14849042,0x90B0D2d51464EFefB38AAD00F954649cb5d16040,0xa47c8bf37f92aBed4A126BDA807A7b7498661acD,0.118924844807142355
14849042,0x19D57cA590dd45A8b05A8D9C373c9C168477bC76,0xa47c8bf37f92aBed4A126BDA807A7b7498661acD,11311.372425255949565326
14849042,0xeC4649886F4248618E7F1a56cd27a8880bA5E17a,0xa47c8bf37f92aBed4A126BDA807A7b7498661acD,1244.231190628679541987
14849042,0x43c9d9A1F7db860a4DE32AfE8f83D3AB96Aab422,0xa47c8bf37f92aBed4A126BDA807A7b7498661acD,1134.950004067591635248
14849042,0x0E1A27403c8Db973eD1d51f2002798a7022E3F01,0xa47c8bf37f92aBed4A126BDA807A7b7498661acD,57.644175830309890785
14849042,0x403cFe7eEA337FEa68C58bB3F81937Dc7b1f5bC6,0xa47c8bf37f92aBed4A126BDA807A7b7498661acD,1019.627003497971941215
14849042,0xfB3485c2e209A5cfBDC1447674256578f1A80eE3,0xa47c8bf37f92aBed4A126BDA807A7b7498661acD,234.701020632296120993
14849042,0x67403E51E25cC42f873DeCD4db7b83faE7BFcDA9,0xa47c8bf37f92aBed4A126BDA807A7b7498661acD,367.572234314110346531
14849042,0xf8fb13A3F30b1161A9fefA8a3A7b432956633588,0xa47c8bf37f92aBed4A126BDA807A7b7498661acD,123.129526037691405804
14849042,0x9e9b4b29600a416b9F4289F812B8B16716AE0c0b,0xa47c8bf37f92aBed4A126BDA807A7b7498661acD,11.607278929842678394
14849042,0xf33DAc4FD46Ee2d6a77FC2B5De56186075FDeD53,0xa47c8bf37f92aBed4A126BDA807A7b7498661acD,4.632977050913800632
14849042,0xC3Bd2A15a2917b9dE4Ad57C81cf28bb6e453a21D,0xa47c8bf37f92aBed4A126BDA807A7b7498661acD,5760.779181508719375415
14849042,0x28537D30dc4384Bbd3B570c28bd60703bB15f2B7,0xa47c8bf37f92aBed4A126BDA807A7b7498661acD,1.133430257585538392
14849042,0x005b0743D8b2eD646499dC48b64B95E71B8afa43,0xa47c8bf37f92aBed4A126BDA807A7b7498661acD,2511.385861229805868788
14849042,0x468Fd68b81475Ac46D00f491bFA52ef8AAa17e97,0xa47c8bf37f92aBed4A126BDA807A7b7498661acD,9.903948271698277850
14849042,0x2D5389cB91b91D2BB6d3E7991802817f8dDEb304,0xa47c8bf37f92aBed4A126BDA807A7b7498661acD,9.324133649361083798
14849042,0xD059c200403580424690c2c227a400343B0649BB,0xa47c8bf37f92aBed4A126BDA807A7b7498661acD,0.475699379228569419
14849042,0xdf286De6d3de10A6aD6452d0BA94Af7AD7B68F9B,0xa47c8bf37f92aBed4A126BDA807A7b7498661acD,11.322093726083888754
14849042,0x18f768455E7f5fB09fC491fd86bcc282BcDD5973,0xa47c8bf37f92aBed4A126BDA807A7b7498661acD,0.000061976742195384
14849042,0x0E38A4b9B58AbD2f4c9B2D5486ba047a47606781,0xa47c8bf37f92aBed4A126BDA807A7b7498661acD,0.000042919672450905
14849042,0xb0c0283334009d09C6F4Ee43091a92dceF0baC20,0xa47c8bf37f92aBed4A126BDA807A7b7498661acD,0.089560740196550692
14849042,0x89F6Dd2F2615471C008E60C86aB0f6727c65C475,0xa47c8bf37f92aBed4A126BDA807A7b7498661acD,1708.630243658939434681
14849042,0x1Cba9D034A4e8A9c4aA6A22D7cf16E9028BEcd3f,0xa47c8bf37f92aBed4A126BDA807A7b7498661acD,419.918221611764806767
14849042,0x4C3c78cEbc9Cc87436dEEd2782998bC002F2B69f,0xa47c8bf37f92aBed4A126BDA807A7b7498661acD,246809.514774769137147814
14849042,0xf81bA3F3E354264cF757FC2827436c3853438b58,0xa47c8bf37f92aBed4A126BDA807A7b7498661acD,282.847046304426896768
14849042,0x67f62ad894d091B03B4379E52501048C0704A80e,0xa47c8bf37f92aBed4A126BDA807A7b7498661acD,117.846620351095779711
14849042,0xca8586823A14d4187Fc3fB15F854E96516909785,0xa47c8bf37f92aBed4A126BDA807A7b7498661acD,1.167483043384402341
14849042,0x09e67Ef9c16972D57ec9f19Daa9B51203D4aDA67,0xa47c8bf37f92aBed4A126BDA807A7b7498661acD,163.030313861800465247
14849042,0x9E82b1b2B0Dd8C1C41f86cEAE0b49eF8CCeF9cc2,0xa47c8bf37f92aBed4A126BDA807A7b7498661acD,2000.183843151973405838
14849042,0x3CCb805E4e4D97A5f1C2C3C7E98FAc843521eb19,0xa47c8bf37f92aBed4A126BDA807A7b7498661acD,13119.930772849451386719
14849042,0xF5b9a5159Cb45EfcbA4F499b7B19667EAa649134,0xa47c8bf37f92aBed4A126BDA807A7b7498661acD,23.431661035132833604
14849042,0xBA5b4E56B4793714507320e88e3fE7f7e56ed9A0,0xa47c8bf37f92aBed4A126BDA807A7b7498661acD,3.567745344214270364
14849042,0x394EC4d4615d7dd0736B05e7E91452B4b04BFF1B,0xa47c8bf37f92aBed4A126BDA807A7b7498661acD,25.492151306214442030
14849042,0xFF4bE444Fc838D8a5C1B84Fa05639eDA3fabB6AE,0xa47c8bf37f92aBed4A126BDA807A7b7498661acD,6.898971174708667498
14849042,0x6B38e8965165F18E97bCc11A763bf5a896B3B145,0xa47c8bf37f92aBed4A126BDA807A7b7498661acD,673.696622275016352432
14849042,0xfc0962770A2A1d142f7b48cb40d04001c73Af840,0xa47c8bf37f92aBed4A126BDA807A7b7498661acD,57.695841930138080045
14849042,0x97198066f3D65B34135d9990f3dA45D3BeeDE654,0xa47c8bf37f92aBed4A126BDA807A7b7498661acD,7480.540304306250618538
14849042,0x50bb44166F30080609EF5420C86687357e1B74Cb,0xa47c8bf37f92aBed4A126BDA807A7b7498661acD,5772.267957787188606744
14849042,0x7089829adEbe44542653FbbB47dAbC4CeA93677C,0xa47c8bf37f92aBed4A126BDA807A7b7498661acD,13719.647687127184326528
14849042,0x5aa940475B55AFc98a8490F9dC32a66Bd989eE68,0xa47c8bf37f92aBed4A126BDA807A7b7498661acD,104.701047707224034866
14849042,0xE366619833126918F7fd3Bdf516002BdaDF1ae5f,0xa47c8bf37f92aBed4A126BDA807A7b7498661acD,105.139401120734277129
14849042,0x1853D19Cc1305CEf5F317F17156289Fdf758BB0E,0xa47c8bf37f92aBed4A126BDA807A7b7498661acD,12.603354933403229765
14849042,0x0F70A91DD4Ae5A17868991180C0d4FcdbA82f6b7,0xa47c8bf37f92aBed4A126BDA807A7b7498661acD,1567083.333245571004226804
14849042,0x81F2Ffe9B3BC8BA921243dE754337983dBECA2e1,0xa47c8bf37f92aBed4A126BDA807A7b7498661acD,930.438556680417946154
14849042,0xD498Fb8d9da6fcd64f9C0dd27E0B22C84Eaa02F1,0xa47c8bf37f92aBed4A126BDA807A7b7498661acD,1.049602648633933599
14849042,0x414DA4DbC1a4271452CB779f1A01d6Ba5f36Bee1,0xa47c8bf37f92aBed4A126BDA807A7b7498661acD,314194.077004102058708668
14849042,0x9DE3327c7183c813F6dF4Fd51B09313F180e8D70,0xa47c8bf37f92aBed4A126BDA807A7b7498661acD,1049.678915131667054084
14849042,0xDe315aCf47EEc9B519d0ded389F51525cF73dD63,0xa47c8bf37f92aBed4A126BDA807A7b7498661acD,82.523587523111004316
14849042,0x449429FBc272ccf38b177BFd30D12aa1c8990A3C,0xa47c8bf37f92aBed4A126BDA807A7b7498661acD,508.760763495101912213
14849042,0xD911C34256255eA1Df33e4ce2CD207A30f012465,0xa47c8bf37f92aBed4A126BDA807A7b7498661acD,216.913554578570085596
14849042,0x63B8C91Dd55626DB091Da26bA96bD8Dd3F36820b,0xa47c8bf37f92aBed4A126BDA807A7b7498661acD,20.819814312961870684
14849042,0x9f78Fa06Ab709BE30F61ffEaec2DBF9863BD2e34,0xa47c8bf37f92aBed4A126BDA807A7b7498661acD,103.626857981902290362
14849042,0xEB3BCF29f73C962d125E6afF8C12E566877d7490,0xa47c8bf37f92aBed4A126BDA807A7b7498661acD,65.980598271811544464
14849042,0x0af9A3A1Eb903A6d9D7e48973e57ed3d123eAc34,0xa47c8bf37f92aBed4A126BDA807A7b7498661acD,5356.139237628479349951
14849042,0x6d9428F945bbCeF347e25326dBaB8831A9d856ba,0xa47c8bf37f92aBed4A126BDA807A7b7498661acD,105.092665518527894619
14849042,0xD3939925c874150c03AA6929d5d6Aa1561Ba2DBc,0xa47c8bf37f92aBed4A126BDA807A7b7498661acD,71.262934837806881205
14849042,0x86d64810a9819b2fb8a69E43f19Ee4211dEc8efB,0xa47c8bf37f92aBed4A126BDA807A7b7498661acD,15880.664842861993747647
14849042,0x270d6a3fbdb06277E10e1191CC98D27CCd8AC44D,0xa47c8bf37f92aBed4A126BDA807A7b7498661acD,4078.276410342200506420
14849042,0xaC0f76A8c30E23bc197D26465e7bE319713c5224,0xa47c8bf37f92aBed4A126BDA807A7b7498661acD,15754.019976124842287390
14849042,0x5796698A29F3626c9FE13C4d3d3dEE987c84EBB3,0xa47c8bf37f92aBed4A126BDA807A7b7498661acD,66929.376050812978064641
14849042,0xC13fD05bf9Aea66d5f00b7aE36d4ed2605AD0803,0xa47c8bf37f92aBed4A126BDA807A7b7498661acD,1046.774427355704801812
14849042,0x1E992aC6B62fEa6F5D20E5AC367E44f3F444550F,0xa47c8bf37f92aBed4A126BDA807A7b7498661acD,19415.769978989461378660
14849042,0x5eB0cf5F601f7Fd0816f632af338EFb292B01316,0xa47c8bf37f92aBed4A126BDA807A7b7498661acD,1.052697225253371727
14849042,0xa5ef69325d3DbBE20c2D67Eff7048cC3b0093706,0xa47c8bf37f92aBed4A126BDA807A7b7498661acD,104521.509971221297746524
14849042,0x4ff9E52458B1849511B7b207d29a2d5c63a23797,0xa47c8bf37f92aBed4A126BDA807A7b7498661acD,4236.125121257937280461
14849042,0xB2297FE3cF303A686C37820E4D3360f2b490db62,0xa47c8bf37f92aBed4A126BDA807A7b7498661acD,4598.767955936514226778
14849042,0x7a4AbFBF504275C3e272a844e8E91e4fD730eF9f,0xa47c8bf37f92aBed4A126BDA807A7b7498661acD,79496.778411625185981393
14849042,0x532e42c6D0CE8f8f287F4dB70180Bc5C94b3dF49,0xa47c8bf37f92aBed4A126BDA807A7b7498661acD,10688.912352333105445723
14849042,0xbf012163D33480189c72e6e1037BA841F81adDCC,0xa47c8bf37f92aBed4A126BDA807A7b7498661acD,804.519356628073751381
14849042,0x9DA3E74ee97FA5156484cD8419fc1Ab5d00B55F0,0xa47c8bf37f92aBed4A126BDA807A7b7498661acD,151805.802184032363584265
14849042,0xc42830bd7a079bE374419a4fd6faa95b870f4b96,0xa47c8bf37f92aBed4A126BDA807A7b7498661acD,17144.309418967513920506
14849042,0x2a3Ff0B54a5195B39808f5412FB680E80514a1D9,0xa47c8bf37f92aBed4A126BDA807A7b7498661acD,636.101061049546046888
14849042,0xBeEB437EedE0e62A796D9e9C337f62746E925832,0xa47c8bf37f92aBed4A126BDA807A7b7498661acD,2626.215175600761085661
14849042,0x49b68E78644cb882426C9e5Af2CD34D77dec5F1f,0xa47c8bf37f92aBed4A126BDA807A7b7498661acD,172776.978209077089559287
14849042,0x5D551CE7564b6D9B95559a70A5648af908a8AD09,0xa47c8bf37f92aBed4A126BDA807A7b7498661acD,156709.134357909118989483
14849042,0x3f8b091455EFDC07292b83ce5152A56b608bBe31,0xa47c8bf37f92aBed4A126BDA807A7b7498661acD,24205.911177935155137675
14849042,0x12d2dd1c6389A66a53f9AF8f1bb54607C6Ca1305,0xa47c8bf37f92aBed4A126BDA807A7b7498661acD,172267.217998088250169531
14849042,0xEe61b5408f80Ed8FFF296Fdf8cB1495d6dB60Bc3,0xa47c8bf37f92aBed4A126BDA807A7b7498661acD,13459.175962206629264983
14849042,0xaad11A37B820F7981b66a41AaA03c076867f1705,0xa47c8bf37f92aBed4A126BDA807A7b7498661acD,2714.399481812411067949
14849042,0x3FbF165baC0Da988e48072f04fEF3De9C3d2244b,0xa47c8bf37f92aBed4A126BDA807A7b7498661acD,15640.769121821571388864
14849042,0x88D838bF9755A596b8e373C42f70962B5Ea5C2CB,0xa47c8bf37f92aBed4A126BDA807A7b7498661acD,2702.795792834646363190
14730462,0xdB886bf718FBf354eb4202b03AD13b1Cafb01276,0xa693B19d2931d498c5B318dF961919BB4aee87a5,30897468.439710
14730462,0xd4A39d219ADB43aB00739DC5D876D98Fdf0121Bf,0xa693B19d2931d498c5B318dF961919BB4aee87a5,17294.131107
14730462,0x62d51Fa08B15411D9429133aE5F224abf3867729,0xa693B19d2931d498c5B318dF961919BB4aee87a5,2.824638
14730462,0xc4dD652Ea32cE963a77C7acA1701A4D66C531FBA,0xa693B19d2931d498c5B318dF961919BB4aee87a5,5.663505
14730462,0x2a098157953d0E0108447E27Ec5d4FA971Fd54CB,0xa693B19d2931d498c5B318dF961919BB4aee87a5,55026.487541
14730462,0x0A0426967ad43fE575E1eE2B005b546F06DEb40a,0xa693B19d2931d498c5B318dF961919BB4aee87a5,56631.180020
14730462,0xB2e1515Dfe9BdE106299C33529C582e5388D195D,0xa693B19d2931d498c5B318dF961919BB4aee87a5,0.002261
14730462,0x8Efe1CDbbB15258b16ee294b7Ee0bC83b72dBC42,0xa693B19d2931d498c5B318dF961919BB4aee87a5,1716.272699
14730462,0x680F506E428b44b6Bd8677aA56B6064F704e754F,0xa693B19d2931d498c5B318dF961919BB4aee87a5,133792.541344
14730462,0x1dE84cBA6689769843F68B685b27bf20fB28d2E4,0xa693B19d2931d498c5B318dF961919BB4aee87a5,2225.794251
14730462,0x2b232939041c5689eB15614E1081082D5504d283,0xa693B19d2931d498c5B318dF961919BB4aee87a5,11241.279542
14730462,0x2A578A939Bdc5486FA8c4F0eF865b71CcA03ab7a,0xa693B19d2931d498c5B318dF961919BB4aee87a5,14114.709034
14730462,0x846976AdDe6f17aFD4590312781Dca81455C21d8,0xa693B19d2931d498c5B318dF961919BB4aee87a5,227.903393
14730462,0xB11e239910eAAfa78fA925E566c20BC611fD4995,0xa693B19d2931d498c5B318dF961919BB4aee87a5,25404.141241
14730462,0x2B9a28D252CE8912cC2aD18dEbBfD26c65b192B0,0xa693B19d2931d498c5B318dF961919BB4aee87a5,4121.072422
14730462,0x2DfD72F807e6B8d580a47Ea596b5958C4F0964d9,0xa693B19d2931d498c5B318dF961919BB4aee87a5,28243.330454
14730462,0xF948fdFFb62Bc7e788c79F5eE4e48dEBe90785A2,0xa693B19d2931d498c5B318dF961919BB4aee87a5,3.394005
14730462,0xA86e412109f77c45a3BC1c5870b880492Fb86A14,0xa693B19d2931d498c5B318dF961919BB4aee87a5,98392884.918903
14730462,0x0b39a46D9FE2f26ffe03c5f32fdF19541e1e92C8,0xa693B19d2931d498c5B318dF961919BB4aee87a5,0.468656
14730462,0x08d2C94F47b5Ca3C3193e599276AAbF24aADc9a1,0xa693B19d2931d498c5B318dF961919BB4aee87a5,16.954297
14730462,0xA265D056BA61cAbF9Cb1F9d7e2129734b56cC531,0xa693B19d2931d498c5B318dF961919BB4aee87a5,164.633836
14730462,0xB96e6885CB6319b5E0dAf782CeA2441907874123,0xa693B19d2931d498c5B318dF961919BB4aee87a5,6268.258468
14730462,0xFa760444A229e78A50Ca9b3779f4ce4CcE10E170,0xa693B19d2931d498c5B318dF961919BB4aee87a5,468.823873
14730462,0xCfe9A8521Ca45D60a423b9c7124BAe725f073F51,0xa693B19d2931d498c5B318dF961919BB4aee87a5,56.700036
14730462,0x2b13cBbe4B8d3f1fCd4bf020e609DeB89147C182,0xa693B19d2931d498c5B318dF961919BB4aee87a5,0.564596
14730462,0x0281A3EB91FDBD599963ee9f9Be8cbc439F931bc,0xa693B19d2931d498c5B318dF961919BB4aee87a5,564.560493
14730462,0x9f78Fa06Ab709BE30F61ffEaec2DBF9863BD2e34,0xa693B19d2931d498c5B318dF961919BB4aee87a5,112.617591
14730462,0x59a55416f8e9CD46C6DedF50a8E31f60ce2957D1,0xa693B19d2931d498c5B318dF961919BB4aee87a5,1452.426236
14730462,0x3166355327A7aAC44f39b95299083A11d86457c1,0xa693B19d2931d498c5B318dF961919BB4aee87a5,462.344554
14730462,0xAE75B29ADe678372D77A8B41225654138a7E6ff1,0xa693B19d2931d498c5B318dF961919BB4aee87a5,0.512457
14730462,0x467E2adbb1319A1F46FE312964b0dd4C8f9b4FB0,0xa693B19d2931d498c5B318dF961919BB4aee87a5,0.000000
14730462,0x3167b932336b029bBFE1964E435889FA8e595738,0xa693B19d2931d498c5B318dF961919BB4aee87a5,568851.091883
14730462,0x37b27bAA0B04a00ba5E325e88267B4511577e203,0xa693B19d2931d498c5B318dF961919BB4aee87a5,1.671808
14730462,0xb0c0283334009d09C6F4Ee43091a92dceF0baC20,0xa693B19d2931d498c5B318dF961919BB4aee87a5,52.985957
14730462,0xA26083f4f206a5b5B285349E9A8B7A84647176F2,0xa693B19d2931d498c5B318dF961919BB4aee87a5,564542.477366
14730462,0xf9412Ae72f76716a656215552501F9519FF833Ab,0xa693B19d2931d498c5B318dF961919BB4aee87a5,56.459837
14730462,0x9958edE15f07AFFDA5600ac88367d47FcdC7f052,0xa693B19d2931d498c5B318dF961919BB4aee87a5,2.823538
14730462,0x6995870D9890e10979aFCbDEA5d8D249e969822D,0xa693B19d2931d498c5B318dF961919BB4aee87a5,0.564676
14730462,0xd07BCdF0C49eCB100856B2FB659552fa1429edCB,0xa693B19d2931d498c5B318dF961919BB4aee87a5,54.226941
14730462,0xdCA313c4Df33c2142B2aDf202D6AbF4Fa56e1d41,0xa693B19d2931d498c5B318dF961919BB4aee87a5,861640.429398
14730462,0xfFBaA0dE31Cd06c0031682E6e991b2515e71192e,0xa693B19d2931d498c5B318dF961919BB4aee87a5,5641.961813
14730462,0x279Ae33Eedf8b8238E94fcc38E984d722aC4014d,0xa693B19d2931d498c5B318dF961919BB4aee87a5,57691.934603
14730462,0xF5ecA360c5dE26A46D54b72E49800c87801c719b,0xa693B19d2931d498c5B318dF961919BB4aee87a5,63709.477020
14730462,0xc7382F0c5854B0b7e2Bf05adA0360dC47505BF68,0xa693B19d2931d498c5B318dF961919BB4aee87a5,5661.884547
14730462,0xa41487B4A93348a22EdD861f7D52943b955B6D8d,0xa693B19d2931d498c5B318dF961919BB4aee87a5,76656.042314
14730462,0xFe0a05435de55a1a5153976a7F1a5df4bc562149,0xa693B19d2931d498c5B318dF961919BB4aee87a5,57696.230644
14730462,0xAE0094a3d4bC74c7f30f8a680E13264233f94067,0xa693B19d2931d498c5B318dF961919BB4aee87a5,159900.435644
14730462,0x2744FEC1DF92B381458793b50F464a41c2f601cA,0xa693B19d2931d498c5B318dF961919BB4aee87a5,122361.072869
14730462,0x6595a41A2ebe230522076c544fb2dE11A6666226,0xa693B19d2931d498c5B318dF961919BB4aee87a5,282571.877146
14730462,0x50C2A3802dAD228567d736094FfC5A273E9f7ab5,0xa693B19d2931d498c5B318dF961919BB4aee87a5,12384.252911
14730462,0x4C036C87164F0Bc0403252d499B16B10D95e2401,0xa693B19d2931d498c5B318dF961919BB4aee87a5,113937.534357
14730462,0xf421130974c355BB370345A5c082eB15E020b618,0xa693B19d2931d498c5B318dF961919BB4aee87a5,27902.122295
14730462,0x7ac28c9598A79010EF85859cff78ec09C9C767B3,0xa693B19d2931d498c5B318dF961919BB4aee87a5,283407.652244
14730462,0xa019A71F73922f5170031F99EFC37f31d3020f0b,0xa693B19d2931d498c5B318dF961919BB4aee87a5,424256.568142
14730462,0xff06A2653364C0D03dDEdC7317bA6A8A4Ce57C90,0xa693B19d2931d498c5B318dF961919BB4aee87a5,3978495.170369
14730462,0xE23756866b46A6666D3FF9febE3d19c3868f22E1,0xa693B19d2931d498c5B318dF961919BB4aee87a5,566107.998247
14730462,0xf4Ab526350251e52DcB179baC82E1eFdeb5bC4d3,0xa693B19d2931d498c5B318dF961919BB4aee87a5,2149359.758249
14730462,0x82eaf244A82F02De6c83e8106581bC3D3211cb23,0xa693B19d2931d498c5B318dF961919BB4aee87a5,46351.564864
14730462,0x1D4548d09022e298F53b46Cd68A3C6A16830371E,0xa693B19d2931d498c5B318dF961919BB4aee87a5,442467.299006
14730462,0x73F7261cF493105202F8dcbB11C126a65703dA55,0xa693B19d2931d498c5B318dF961919BB4aee87a5,2827484.334742
14730462,0x69Db2C89974f74B4a16e54eB75884465a55f3980,0xa693B19d2931d498c5B318dF961919BB4aee87a5,790233.410928
14730462,0x05F65845A202aadAbCE5475B6495F54Fb2073B04,0xa693B19d2931d498c5B318dF961919BB4aee87a5,2270056.042607
14730462,0x3759E73fcC1230091DCcb155FFC930BBD62DB811,0xa693B19d2931d498c5B318dF961919BB4aee87a5,170990.747074
14730462,0x999bAb2e1f0F105d357f7423E4ee0717758E1CA8,0xa693B19d2931d498c5B318dF961919BB4aee87a5,193198.850694
14730462,0xbaE0e3b6964c20481d75a5311314d3581E9a6c3D,0xa693B19d2931d498c5B318dF961919BB4aee87a5,158335.194706
14730462,0xa5f93C591F9fF035C6Dcd161479E2BeB52113898,0xa693B19d2931d498c5B318dF961919BB4aee87a5,150248.141515
14730462,0x61Dd72B1a57642f75e24AC37294Bd473dC070ff9,0xa693B19d2931d498c5B318dF961919BB4aee87a5,225.964692
14730462,0x1c4f9F3cD557a21604cB5831edDd7023a3C63371,0xa693B19d2931d498c5B318dF961919BB4aee87a5,56.649385
14730462,0x964Ec70227d920229660109CA759A12e1FbD6B84,0xa693B19d2931d498c5B318dF961919BB4aee87a5,48120.839920
14730462,0x05f13dBAaa5a5fE2fB27A60c431535c0190dfd3e,0xa693B19d2931d498c5B318dF961919BB4aee87a5,1813702.018511
14730462,0xAdCC57A64Dfe3f67800644711BEA6d2572dA32da,0xa693B19d2931d498c5B318dF961919BB4aee87a5,17.248479
14730462,0x286b3Dc86ecBd6F3812723DD6df38054F18E2d8a,0xa693B19d2931d498c5B318dF961919BB4aee87a5,355946.188917
14730462,0x99FD1378ca799ED6772Fe7bCDC9B30B389518962,0xa693B19d2931d498c5B318dF961919BB4aee87a5,78626829.392403
14730462,0xb7dE148D030b4d53b5E838Aad06dA83dB4Ac90E2,0xa693B19d2931d498c5B318dF961919BB4aee87a5,398294.714544
14730462,0x7c325F13395334a376D7D388FD3450d38488a1AF,0xa693B19d2931d498c5B318dF961919BB4aee87a5,1949188.876484
14730462,0x800C49b4A5bAC2aC16f045037F8fbAC255b62eC9,0xa693B19d2931d498c5B318dF961919BB4aee87a5,137531.313136
14730462,0xaC516CFc8a5170B4D003312AdBade589F4E93ece,0xa693B19d2931d498c5B318dF961919BB4aee87a5,56569.662013
14730462,0x0f87DD03a74e6a48D56661d96f44880C79b9d795,0xa693B19d2931d498c5B318dF961919BB4aee87a5,733466.567557
14730462,0x431e81E5dfB5A24541b5Ff8762bDEF3f32F96354,0xa693B19d2931d498c5B318dF961919BB4aee87a5,796877.773815
14730462,0xbF212630e5818E9CBEeF8470A823eF7Acd52779d,0xa693B19d2931d498c5B318dF961919BB4aee87a5,56.631808
14730462,0x4C7D7B58B0DA6a7dc7D49F48869318942a0F60CB,0xa693B19d2931d498c5B318dF961919BB4aee87a5,226494.735654
14730462,0x8F40dCD6BA523561A8a497001896330965520fa4,0xa693B19d2931d498c5B318dF961919BB4aee87a5,2126204.136694
14730462,0x17e1392f56112537D5295D1bc0400eAE5EEDF8Ac,0xa693B19d2931d498c5B318dF961919BB4aee87a5,113415.798429
14730462,0x174D5A5b23a8e3269F70e78B29613128acB8eF0d,0xa693B19d2931d498c5B318dF961919BB4aee87a5,4892276.898679
14730462,0x9538D438d506Fc426dB37fb83daC2a0752A02757,0xa693B19d2931d498c5B318dF961919BB4aee87a5,141283530.509958
14730462,0x1F9790da6BC4B80b1e7D71Dfc5D2499EdEd8a31c,0xa693B19d2931d498c5B318dF961919BB4aee87a5,113103.701618
14730462,0xAADA978F5728FF75775b6bF42982393B73a26e1f,0xa693B19d2931d498c5B318dF961919BB4aee87a5,447502.059230
14730462,0x854B60CE369a67b487Adae77b359CC1DAd1fAb78,0xa693B19d2931d498c5B318dF961919BB4aee87a5,33941.844689
14730462,0x9bcBFE550D32DFDD2d047Ca52F497cBA1f564B6B,0xa693B19d2931d498c5B318dF961919BB4aee87a5,851279.406207
14730462,0x995a09ed0b24Ee13FbfCFbe60cad2fB6281B479F,0xa693B19d2931d498c5B318dF961919BB4aee87a5,32084049.875584
14730462,0x0D2EbB8A2981c067866914bcD0F9c29170AF138e,0xa693B19d2931d498c5B318dF961919BB4aee87a5,17449582.599994
14730462,0x04153776761994D676c68147b89f9BdFFbAEf512,0xa693B19d2931d498c5B318dF961919BB4aee87a5,232239.450990
14730462,0xA489e9daf10cEd86811d59e4D00ce1b0DEC95f5e,0xa693B19d2931d498c5B318dF961919BB4aee87a5,8497117.627049
14730462,0x67864315E58791b43274FC5E14B6Fb154A50E265,0xa693B19d2931d498c5B318dF961919BB4aee87a5,3470182.738175
14730462,0x6C99C45b39D1cddb61b272798ea1dA2cDAc9bCc8,0xa693B19d2931d498c5B318dF961919BB4aee87a5,0.056545
14730462,0x562C0E13eBe7e1165d7227a6A49eF9390445D898,0xa693B19d2931d498c5B318dF961919BB4aee87a5,226236.176039
14730462,0x3Fb61caB57E70e23a1fD3a1feD21bE866ca2Bbfa,0xa693B19d2931d498c5B318dF961919BB4aee87a5,54381.705078
14730462,0x110a5650FCE84CF18698AD4604dB77994f04F04B,0xa693B19d2931d498c5B318dF961919BB4aee87a5,2378811.925382
14730462,0xB6e50B658020583ea41B568c8781Cfd77Ed41C18,0xa693B19d2931d498c5B318dF961919BB4aee87a5,71061.657609
14730462,0xf4a8E405481A15923C13022016Ea33827Ae87469,0xa693B19d2931d498c5B318dF961919BB4aee87a5,503.031287
14730462,0x138Dd537D56F2F2761a6fC0A2A0AcE67D55480FE,0xa693B19d2931d498c5B318dF961919BB4aee87a5,83261.355686
14730462,0x514C41f6e56d3a4D496d24f479B2c7c1cff906Ba,0xa693B19d2931d498c5B318dF961919BB4aee87a5,678700.903439
14730462,0xa402cE98e1B9cc98A0a9A3011785D17176E85495,0xa693B19d2931d498c5B318dF961919BB4aee87a5,855994.936420
14730462,0x3F476f40776D5906adcb2a76AE09C4eE89dfC805,0xa693B19d2931d498c5B318dF961919BB4aee87a5,2967312.221815
14730462,0x5ac929a67b8968010E307d3428f42271025531d2,0xa693B19d2931d498c5B318dF961919BB4aee87a5,1954109.144058
14730462,0xe7c5Ff8B017f48A2275A3f9f4f01a1E664Cb81ee,0xa693B19d2931d498c5B318dF961919BB4aee87a5,173202.229860
14730462,0x9A4a20fC422F849cAA37Fd32A873223e23077317,0xa693B19d2931d498c5B318dF961919BB4aee87a5,359682.240607
14730462,0xDa3EFd1e7C3D06340547479FFdB0F8B17F653eD4,0xa693B19d2931d498c5B318dF961919BB4aee87a5,3066563.487618
14730462,0x80fb5880F38185661962E475ac1557817dc9faea,0xa693B19d2931d498c5B318dF961919BB4aee87a5,85050.529867
14730462,0xC780488F202D3A45D3991e1BE479F64c30a94C36,0xa693B19d2931d498c5B318dF961919BB4aee87a5,15117.933946
14730462,0xaC27a03FB9AB1A03a70Ae4d696765417016a803F,0xa693B19d2931d498c5B318dF961919BB4aee87a5,169721.859840
14730462,0xF17Ff836D18edd974F1C0Eb8d8A5147735f79e19,0xa693B19d2931d498c5B318dF961919BB4aee87a5,59167.035877
14730462,0x0CDd0FD23deF9d28315B0D1E62a79F04338DaBe4,0xa693B19d2931d498c5B318dF961919BB4aee87a5,112872.437425
14730462,0xAdE9e51C9E23d64E538A7A38656B78aB6Bcc349e,0xa693B19d2931d498c5B318dF961919BB4aee87a5,56125.183684
14730462,0x0BCDE2b0E3795dAA6B3b5FA6D3E52550BBFe101e,0xa693B19d2931d498c5B318dF961919BB4aee87a5,160957.316885
14730462,0xd73D90B42EfAB713829C23B2E7749c3930738D68,0xa693B19d2931d498c5B318dF961919BB4aee87a5,15956.306037
14730462,0x8ACE04aC6081d426680F52B29E78fEbfA1d37EbA,0xa693B19d2931d498c5B318dF961919BB4aee87a5,21740.379769
14730462,0x84cA6410386cB694846f1AAEe961Db894D5ef2C4,0xa693B19d2931d498c5B318dF961919BB4aee87a5,17282.125873
14730462,0x2797ff1C04A20ABEc5B8bC2a5b76A41D70d097C3,0xa693B19d2931d498c5B318dF961919BB4aee87a5,3954.488108
14730462,0xA0c1480acc5fD466799D45335075297c406b14e7,0xa693B19d2931d498c5B318dF961919BB4aee87a5,42369.186231
14730462,0x5297d29Dcbf8c0044ffE17241dFD7101fcdED1e6,0xa693B19d2931d498c5B318dF961919BB4aee87a5,282486.502842
14730462,0xe58Aa11A1AD425b12B4a3155124245cd36DA4f5e,0xa693B19d2931d498c5B318dF961919BB4aee87a5,197264.168247
14730462,0x1C1b200A05460b416e77805E60501C65eCb617E7,0xa693B19d2931d498c5B318dF961919BB4aee87a5,5264462.616052
14730462,0x7f5666Ed77408122dff4B2f029CdD7eEbdc5EF27,0xa693B19d2931d498c5B318dF961919BB4aee87a5,27636.138464
14730462,0xF978e2d21BA687e3739033f62Cb579715516D036,0xa693B19d2931d498c5B318dF961919BB4aee87a5,395463.823876
14730462,0xE08Ee4C1b248464aAcC5c0130247b1B9d9e6005E,0xa693B19d2931d498c5B318dF961919BB4aee87a5,1868844.094251
14730462,0x625D67184bcEAE729E75FC438a70304e88e3Ce8a,0xa693B19d2931d498c5B318dF961919BB4aee87a5,2595552.078846
14730462,0xdebccc195e08Ab253ea31917DefFBF5121b1cE3A,0xa693B19d2931d498c5B318dF961919BB4aee87a5,3057.171108
14730462,0xEA41b032E832f7F18F731ab34717a5F32d0bB2FE,0xa693B19d2931d498c5B318dF961919BB4aee87a5,46656.480635
14730462,0xd309E937f6E71F094e427271028CAF36c533CF47,0xa693B19d2931d498c5B318dF961919BB4aee87a5,169533.649062
14730462,0x00f282C40b92BEd05f1776caDF1C8b96b9fBaEE3,0xa693B19d2931d498c5B318dF961919BB4aee87a5,226380.607587
14730462,0x2D292131995AFc22940E14e3c24d1C0286e338E7,0xa693B19d2931d498c5B318dF961919BB4aee87a5,3390835.045358
14730462,0xfD141e2F3a051AD0c6a35daa1A88f5d082ad7CCf,0xa693B19d2931d498c5B318dF961919BB4aee87a5,172198.901352
14730462,0xF187586275561f8ae8dB94001a3088C8aC9195fe,0xa693B19d2931d498c5B318dF961919BB4aee87a5,474081.544748
14730462,0x616F29b6A5b05b76eb04347cd30ed10aBE9D5eC2,0xa693B19d2931d498c5B318dF961919BB4aee87a5,1391551.194691
14730462,0x57DB2D7D80fC2669a67F32e6fD1E5C22846eb150,0xa693B19d2931d498c5B318dF961919BB4aee87a5,91757.762362
14730462,0x9754D3e51161B42AE68d3805DA6de290665c2cdB,0xa693B19d2931d498c5B318dF961919BB4aee87a5,1080498.724345
14730462,0xbA0387F98430d56E2eD9eD50Edf4f33f72cc3f7b,0xa693B19d2931d498c5B318dF961919BB4aee87a5,305864.058735
14730462,0x6513e71ea964478422b2F4fc5076ed1C9bC0688C,0xa693B19d2931d498c5B318dF961919BB4aee87a5,28197.490220
14730462,0xCf99F92ab5eEF30097a252Cd2d65B76B1a2d3Ced,0xa693B19d2931d498c5B318dF961919BB4aee87a5,56488.219594
14730462,0x3dBa662d484F73c7ec387376E0e8373f483D04CC,0xa693B19d2931d498c5B318dF961919BB4aee87a5,702694.226181
14730462,0x9aE53373072EBDC6A3A668C1caad0c40820b8990,0xa693B19d2931d498c5B318dF961919BB4aee87a5,112576.380632
14730462,0x0f3C2476FBF0ed09DFf00EA7f4eF252DcC72E6f1,0xa693B19d2931d498c5B318dF961919BB4aee87a5,2824883.633668
14730462,0xA66aF16184134B48cBf2eB2918ed802aD7D244aa,0xa693B19d2931d498c5B318dF961919BB4aee87a5,963900.610708
14730462,0xB825c207600aDfD3fB23fEcE0b90AEFD4A017Fa8,0xa693B19d2931d498c5B318dF961919BB4aee87a5,565728.405360
14730462,0x1FCEDaA49B506183C70Fa5e650a4A2286b10D338,0xa693B19d2931d498c5B318dF961919BB4aee87a5,26250.455293
14730462,0xe4F077BF767a57Ae9aAD77B0aB54CbdE0BEde65A,0xa693B19d2931d498c5B318dF961919BB4aee87a5,46477.966632
14730462,0x7a601F344F1c7353eBE5cc0F6F8bcC3E7aAE143a,0xa693B19d2931d498c5B318dF961919BB4aee87a5,813841.498947
14730462,0x8908273fBCF375e16D17d85d4e5716dDa9553FED,0xa693B19d2931d498c5B318dF961919BB4aee87a5,5653.116232
14730462,0x3b528d4aB08EF019972E6bD7f40D55ab35c0846b,0xa693B19d2931d498c5B318dF961919BB4aee87a5,4303.116380
14730462,0x5c0c8D1cF51AC8E8D970051ac69dbDb1315B6036,0xa693B19d2931d498c5B318dF961919BB4aee87a5,229270.512604
14730462,0x8EC6E73A2fA9959BE35975178eEeaa20B5B71a94,0xa693B19d2931d498c5B318dF961919BB4aee87a5,42385.714271
14730462,0xfF92Ac6706eDaB52897Ae87ec249D8c014371002,0xa693B19d2931d498c5B318dF961919BB4aee87a5,10913.038531
14730462,0xed06517ed0075a3E41D80B620F5EcbA4f55A3E05,0xa693B19d2931d498c5B318dF961919BB4aee87a5,1129.486354
14730462,0x417EDDD25D55bFaC6360bEDcB75B9B02750E6F9a,0xa693B19d2931d498c5B318dF961919BB4aee87a5,84286.540604
14730462,0x468cB54a3821d8b0129C42Ea6ADf12748d97fD98,0xa693B19d2931d498c5B318dF961919BB4aee87a5,197858.553461
14730462,0xf035Af8a3dFf1f90aeb21F9623589AE1330E9e09,0xa693B19d2931d498c5B318dF961919BB4aee87a5,28270.742673
14730462,0x6baf3Ad271f1474595f04Dfc6d2675170A20bdf6,0xa693B19d2931d498c5B318dF961919BB4aee87a5,56316.184219
14730462,0x895eee677EEdFa433f63bfCCEA8b94a999e0bCBb,0xa693B19d2931d498c5B318dF961919BB4aee87a5,3233872.093459
14730462,0xA8b3FdFBf87b36fC66dA8e6274c19a02bd88d9C3,0xa693B19d2931d498c5B318dF961919BB4aee87a5,28449.536283
14730462,0x1c46673F0d994c96B0bdA83475dF93FAe8187a9D,0xa693B19d2931d498c5B318dF961919BB4aee87a5,14669.942007
14730462,0x612e198B406e6932599790F9FFA33c084559061b,0xa693B19d2931d498c5B318dF961919BB4aee87a5,1134000.770410
14730462,0x3d57b83154423EDb0bA0E747B03858E69075FCa1,0xa693B19d2931d498c5B318dF961919BB4aee87a5,155657.590196
14730462,0x70B7C9695f1e855a069E6d7918EC304e19a81784,0xa693B19d2931d498c5B318dF961919BB4aee87a5,67409.992442
14730462,0x14c90b59F95B9405113Dfedbae88fDD20C29ee36,0xa693B19d2931d498c5B318dF961919BB4aee87a5,132862.179428
14730462,0x871A30f835E293304c153c2EA619316C02658E61,0xa693B19d2931d498c5B318dF961919BB4aee87a5,21583.423353
14730462,0x5e176c4698466243ec90b4ebFde7339Ec17c01f3,0xa693B19d2931d498c5B318dF961919BB4aee87a5,77255.171653
14730462,0x226e7AF139a0F34c6771DeB252F9988876ac1Ced,0xa693B19d2931d498c5B318dF961919BB4aee87a5,6934017.441806
14730462,0x39fc4cdAA0e79efE7687822F1C0bAcC87e1Deede,0xa693B19d2931d498c5B318dF961919BB4aee87a5,141243.314354
14730462,0x9888e846bCb0a14e0fCB2f66368A69d1d04bd5F0,0xa693B19d2931d498c5B318dF961919BB4aee87a5,5646781.653305
14730462,0xd98425AdA2c00cAed373A191c6Deb492000d3934,0xa693B19d2931d498c5B318dF961919BB4aee87a5,617483.155947
14730462,0xdEe1FFf7c1F8BaFE2767C72a3afE81e3A944eF7e,0xa693B19d2931d498c5B318dF961919BB4aee87a5,175058.681365
14730462,0xbE04F269a68649b352662D7A5a5403b270f6aB3b,0xa693B19d2931d498c5B318dF961919BB4aee87a5,45169.986186
14730462,0x3fc4BFDe8cd1948B0F183A7655d6E2fB75bafDc6,0xa693B19d2931d498c5B318dF961919BB4aee87a5,21632.741718
14730462,0x12b5c9191E186658841F2431943c47278f68E075,0xa693B19d2931d498c5B318dF961919BB4aee87a5,7060672.565089
14730462,0xB027bcF5287240C030FcEafA1046A2CA50C4364f,0xa693B19d2931d498c5B318dF961919BB4aee87a5,464068.468446
14730462,0xd873217b816337aEB89d1E935ef6C8388AE1457A,0xa693B19d2931d498c5B318dF961919BB4aee87a5,14523.208856
14730462,0x85eB4a112Ee5c6003b0A2EF670dE3f29850f8Be9,0xa693B19d2931d498c5B318dF961919BB4aee87a5,3141932.082879
14730462,0x45E6Ab1723a735b7135E7472B932b082382C88CB,0xa693B19d2931d498c5B318dF961919BB4aee87a5,6196496.402259
14730462,0xDE5a25415C637b52d59Ef980b29a5fDa8dC3C70B,0xa693B19d2931d498c5B318dF961919BB4aee87a5,9810888.340536
14730462,0x7aE0fdaE6b5f6cD0a882cE201a39f6211c59ee0A,0xa693B19d2931d498c5B318dF961919BB4aee87a5,117015.311762
14730462,0x89685b6f1b6f6e08427DF572F7286a09C87c4565,0xa693B19d2931d498c5B318dF961919BB4aee87a5,110084.135269
14730462,0x1cEaCf84d74BAc96d7C6D4A6E292bB035133960b,0xa693B19d2931d498c5B318dF961919BB4aee87a5,2868178.758378
14730462,0x49aD84cCa260DDdD7D7e8EC7be5F79eB5d1Be1B0,0xa693B19d2931d498c5B318dF961919BB4aee87a5,3340460.379687
14730462,0xA5D62640081d2a1bc5deD398F2AA5aC6e463746b,0xa693B19d2931d498c5B318dF961919BB4aee87a5,564699.479984
14730462,0x62cf22Fd0Fc47Cd3cD270e76dDEd31d2Eae7a05d,0xa693B19d2931d498c5B318dF961919BB4aee87a5,180754.551883
14730462,0x1F020A4943EB57cd3b2213A66b355CB662Ea43C3,0xa693B19d2931d498c5B318dF961919BB4aee87a5,648177.529086
14730462,0x3f241F14cBe1Eb71aD97C485D8F8Ade5bD1Ae56b,0xa693B19d2931d498c5B318dF961919BB4aee87a5,2120404.573648
14730462,0xe1aCc251656c2964678A8843808DfC2Bdf56Da20,0xa693B19d2931d498c5B318dF961919BB4aee87a5,3193101.862474
14730462,0x6D0DA23c433f83879Cd820ECC451d445e168CAE7,0xa693B19d2931d498c5B318dF961919BB4aee87a5,46918.519768
14730462,0x974896E96219Dd508100f2Ad58921290655072aD,0xa693B19d2931d498c5B318dF961919BB4aee87a5,141309.453492
14730462,0xd0917ac1DAaCc35cC5aA3b5B987171723aA7230B,0xa693B19d2931d498c5B318dF961919BB4aee87a5,1777.187534
14730462,0xa7CDD2c6338352FaA254D3647f5B12E1A8a432Ce,0xa693B19d2931d498c5B318dF961919BB4aee87a5,76329.003499
14730462,0xddB94157dc642aD8eb5Df45Eeb5725d95c010d2A,0xa693B19d2931d498c5B318dF961919BB4aee87a5,328662.421870
14730462,0x475a64058BcBa94E5CfA7b76dbC49EAADf73D0f0,0xa693B19d2931d498c5B318dF961919BB4aee87a5,565474.913323
14730462,0x5d908c88bE270889C0953E7dfF1C8E1D699cEeA3,0xa693B19d2931d498c5B318dF961919BB4aee87a5,42432.957549
14730462,0x61eC1b16aa91610528018a5fbB988b137d3A8B8d,0xa693B19d2931d498c5B318dF961919BB4aee87a5,400477.197219
14730462,0xD031EAf4970D9CC8609D08Cdc621BD448D3850fa,0xa693B19d2931d498c5B318dF961919BB4aee87a5,31655.021740
14730462,0xCD4CA3E25425E70E350fC5f92Ce39C1C61fA869B,0xa693B19d2931d498c5B318dF961919BB4aee87a5,282873.148358
14730462,0x2229C083BE926a55De96CeEcd04C45BcAff5790C,0xa693B19d2931d498c5B318dF961919BB4aee87a5,537844.332514
14730462,0xba5EaC445Dfab057834Cf6A9a46f9e4762e1E775,0xa693B19d2931d498c5B318dF961919BB4aee87a5,113133.369026
14730462,0x25e63B2F2D82176EFF411E34609b10075E73A29d,0xa693B19d2931d498c5B318dF961919BB4aee87a5,169633.901218
14730462,0xC8E78f4A1ef9b394AFDD05159f500DCB2b9140dd,0xa693B19d2931d498c5B318dF961919BB4aee87a5,22820015.276534
14730462,0xE024D0f8b612Fa88D5678e279ea236403868f1f6,0xa693B19d2931d498c5B318dF961919BB4aee87a5,112971.147746
14730462,0x393aD7280F4742d21ECB9773B33312EE5B08a66f,0xa693B19d2931d498c5B318dF961919BB4aee87a5,17543.729436
14730462,0xc6B45909047ceC807d4f1Ec2057560262CE1A5E8,0xa693B19d2931d498c5B318dF961919BB4aee87a5,11251.834995
14730462,0xE44E071BFE771158a7660dc13daB67de94f8273c,0xa693B19d2931d498c5B318dF961919BB4aee87a5,12104.284197
14730462,0xa248Ba96d72005114e6C941f299D315757877c0e,0xa693B19d2931d498c5B318dF961919BB4aee87a5,323675.935494
14730462,0x49F7f0cDA5db90a086c68786b9C37c937446679F,0xa693B19d2931d498c5B318dF961919BB4aee87a5,1217733.887763
14730462,0x7129CF658975af0a90df1c0420Aa127A69F64801,0xa693B19d2931d498c5B318dF961919BB4aee87a5,564.363801
14730462,0x368809812e2F9d96F138f33D64613a732F90587E,0xa693B19d2931d498c5B318dF961919BB4aee87a5,59344.234669
14730462,0x4419A5c28B472Dd89E9dA027C7E9456E76D0fB25,0xa693B19d2931d498c5B318dF961919BB4aee87a5,195459.169174
14730462,0xB8ef70c10387Ce680bAE1470702CB9eDC6F38913,0xa693B19d2931d498c5B318dF961919BB4aee87a5,260889.352407
14730462,0x3CC9063E7AC5fa8345e1F59bC32a470ccd30cA6d,0xa693B19d2931d498c5B318dF961919BB4aee87a5,225670.202610
14730462,0x0cD8fd90BaCc7A676fCc7c0d7573B970F8784B50,0xa693B19d2931d498c5B318dF961919BB4aee87a5,564292.689744
14730462,0x457bAB96dE0261EFae9116c8489978D2194b3D5A,0xa693B19d2931d498c5B318dF961919BB4aee87a5,621.224550
14730462,0x50F274E8c0aDE7dA051DB86C9A76486A63c28E48,0xa693B19d2931d498c5B318dF961919BB4aee87a5,282171.450953
14730462,0x27a76039A11040Df8d6Ac4a1f8d28F07F1bB5E48,0xa693B19d2931d498c5B318dF961919BB4aee87a5,145737.352858
14730462,0x9Cb3683a8C9a835d3C36621Aed02fC21866b1d3E,0xa693B19d2931d498c5B318dF961919BB4aee87a5,280243.511617
14730462,0x6607c085d90bfa814eDFB6D5C704b94953165A52,0xa693B19d2931d498c5B318dF961919BB4aee87a5,51313.760461
14730462,0xab72A80778DBFFe2235197526a5D125c828aDed3,0xa693B19d2931d498c5B318dF961919BB4aee87a5,112856.534121
14730462,0xe4b5Ced52B98540DE52df9f288C2cdb8697C8F37,0xa693B19d2931d498c5B318dF961919BB4aee87a5,0.000000
14730462,0x0eA5381E4229A609Ef3276519693717F61BB0602,0xa693B19d2931d498c5B318dF961919BB4aee87a5,2524019.617866
14730462,0x723d64860fBa8B27b5EF3dbDd7B52772BFB082Ab,0xa693B19d2931d498c5B318dF961919BB4aee87a5,180596.307263
14730462,0x3Ed12F7598F9263149f527E1e74437EB40bf7187,0xa693B19d2931d498c5B318dF961919BB4aee87a5,7054.492828
14730462,0xAAE70D74f3DF8B466E09616476D7ba79aEA2dB28,0xa693B19d2931d498c5B318dF961919BB4aee87a5,31035.511980
14730462,0x9235fD6839b0D8b2faE8C7008365382dA79314e6,0xa693B19d2931d498c5B318dF961919BB4aee87a5,225708.447045
14730462,0xcE5240b6F8Fe8cAcFb45266a64180E70BE4E3a94,0xa693B19d2931d498c5B318dF961919BB4aee87a5,13802.484960
14730462,0x07BaB67a3aaD03413DE50417142F65fD5Ad77687,0xa693B19d2931d498c5B318dF961919BB4aee87a5,594995.839851
14730462,0x0B65Be0c97a3217a92994d4cEc68E189301E7B29,0xa693B19d2931d498c5B318dF961919BB4aee87a5,113778.577876
14730462,0x0E7799186F4484B0988b53127603F0f8C85DE93F,0xa693B19d2931d498c5B318dF961919BB4aee87a5,16928.991890
14730462,0xe057E6386047C690f6D2804Ecd61E68441774bBc,0xa693B19d2931d498c5B318dF961919BB4aee87a5,67912.507531
14730462,0x02EFaC30f1619D817D6fFB28f54ED3647404235E,0xa693B19d2931d498c5B318dF961919BB4aee87a5,30736.330104
14730462,0x0B063458a5e7Af93b5c0cEFe174a86Ac27932a2c,0xa693B19d2931d498c5B318dF961919BB4aee87a5,48678.645565
14730462,0xE1d620FC6eD5bBA9c3E734313CE73c128726Df90,0xa693B19d2931d498c5B318dF961919BB4aee87a5,56549.699397
14730462,0x71F12a5b0E60d2Ff8A87FD34E7dcff3c10c914b0,0xa693B19d2931d498c5B318dF961919BB4aee87a5,66551.092943
14730462,0x7A27F0FCDe0AaF0514Bbd8182980768A5f2Cde24,0xa693B19d2931d498c5B318dF961919BB4aee87a5,3925211.874404
14730462,0x1C0b104A9EeFf2F7001348a49fA28b8A0D23d637,0xa693B19d2931d498c5B318dF961919BB4aee87a5,12359900.981493
14730462,0x817F6E501e640C5EFbaDBE98BF3f896a694212B5,0xa693B19d2931d498c5B318dF961919BB4aee87a5,2302772.373227
14730462,0x684e63E201de029876D8A04dC16656D52c1A0321,0xa693B19d2931d498c5B318dF961919BB4aee87a5,348.307498
14730462,0xc00391544dF5ACca99656cfCa6Bb69559aBd2876,0xa693B19d2931d498c5B318dF961919BB4aee87a5,2880967.420019
14730462,0x8f685659a685951D7D5C94D3cbF7A00f97171032,0xa693B19d2931d498c5B318dF961919BB4aee87a5,341721.901924
14730462,0x348B3ccAC1F8B763b19E91f5fBA71B85Dc305655,0xa693B19d2931d498c5B318dF961919BB4aee87a5,13385.068144
14730462,0x1008B08f8bbF1CD933Dd3948C94BD238092d189B,0xa693B19d2931d498c5B318dF961919BB4aee87a5,1111999.751359
14730462,0x7cf57C76e361E119e5C001d201Ae52B550C852B7,0xa693B19d2931d498c5B318dF961919BB4aee87a5,204370.915238
14730462,0x2326D4fb2737666DDA96bd6314e3D4418246cFE8,0xa693B19d2931d498c5B318dF961919BB4aee87a5,584255.817042
14730462,0x8380C6C816adD3F03B4c8eE456BabA4f122b5279,0xa693B19d2931d498c5B318dF961919BB4aee87a5,2644183.824218
14730462,0x0C4085d8E714CA77aC5F46CD2b80A92d238A7CD3,0xa693B19d2931d498c5B318dF961919BB4aee87a5,295929.005930
14730462,0xEB2013aC002615fbD3B3be6331B4f38eF942b9C9,0xa693B19d2931d498c5B318dF961919BB4aee87a5,282472.043914
14730462,0x7cD7aBa3575f00D2906f5a27911D49A0D01C1f29,0xa693B19d2931d498c5B318dF961919BB4aee87a5,22588151.823644
14730462,0x66F38834895920589f66a8EaBc2b6A543B0EcA24,0xa693B19d2931d498c5B318dF961919BB4aee87a5,17170.423489
14730462,0xc8fF37F7d057dF1BB9Ad681b53Fa4726f268E0e8,0xa693B19d2931d498c5B318dF961919BB4aee87a5,142073.317242
14730462,0xc7299763cD44bab2824464A6497eC931C38a82e9,0xa693B19d2931d498c5B318dF961919BB4aee87a5,58012.368156
14730462,0x1f84Ca2C0A406b32e083E4E41032FD148364Df48,0xa693B19d2931d498c5B318dF961919BB4aee87a5,1642229.861664
14730462,0x7d098fEc4ECf9ac948b17a179c638f1DBbCeF72D,0xa693B19d2931d498c5B318dF961919BB4aee87a5,123235.327485
14730462,0x5e493B4dc824F8361947b49a9A43354b465596dc,0xa693B19d2931d498c5B318dF961919BB4aee87a5,282006.012847
14730462,0x11F8C713A0CcE981306268CB5C9b4A60C8F86bB1,0xa693B19d2931d498c5B318dF961919BB4aee87a5,9283067.406121
14730462,0x3120a7c463f7993E85Ac2a40AA7B2c8A0A9acd54,0xa693B19d2931d498c5B318dF961919BB4aee87a5,50126.961222
14730462,0x4f2222879D0F2E35dbf0d9e35A228953B71181dd,0xa693B19d2931d498c5B318dF961919BB4aee87a5,19371.375312
14730462,0x0322255ed8BdFc39c8c4788035E8226a4aC4A339,0xa693B19d2931d498c5B318dF961919BB4aee87a5,20574.678596
14730462,0x6b395e4AB63a1224a1deb3efaF0D7550f89d7758,0xa693B19d2931d498c5B318dF961919BB4aee87a5,84933.362613
14730462,0xCb9B236ef9f33C23F92B7bf7985f4D97Aa4504D3,0xa693B19d2931d498c5B318dF961919BB4aee87a5,2823.162961
14730462,0x8DaCcb7De40C0F34BE4C8e931450FAFa4d4f2B6D,0xa693B19d2931d498c5B318dF961919BB4aee87a5,30304.209620
14730462,0x3AF254430507bf95eF7Bc2cbFF1edF0E3EcC5207,0xa693B19d2931d498c5B318dF961919BB4aee87a5,4516226.975914
14730462,0xE20DE9c6515f9edaCe5030145B4A7277d3cAFFF6,0xa693B19d2931d498c5B318dF961919BB4aee87a5,5987.097171
14730462,0xa05527778c5d874ff4926AF98d162E3fbf4d96DB,0xa693B19d2931d498c5B318dF961919BB4aee87a5,120106.842395
14730462,0x467f55f5253ba027E5B66795B9d635D7f8d8A1B9,0xa693B19d2931d498c5B318dF961919BB4aee87a5,4249047.621579
14730462,0x12fCb1E787d3C4cfF1e2Aee2478aA4d10124a95e,0xa693B19d2931d498c5B318dF961919BB4aee87a5,83002.760988
14730462,0x0348ADc1a44df17b178491E0D7Db614bf564A5D0,0xa693B19d2931d498c5B318dF961919BB4aee87a5,47035.535734
14730462,0x7BFEe91193d9Df2Ac0bFe90191D40F23c773C060,0xa693B19d2931d498c5B318dF961919BB4aee87a5,1576913.371665
14730462,0x86a5905C330325D930830c2A4c7bc16096F10cEF,0xa693B19d2931d498c5B318dF961919BB4aee87a5,6775007.406726
14730462,0xa9D813547686dDb7dC199eD0F567B3F8bC04179A,0xa693B19d2931d498c5B318dF961919BB4aee87a5,10741.816217
14730462,0x689dd1E7360A7909067741af3E953d22b485C54A,0xa693B19d2931d498c5B318dF961919BB4aee87a5,56332.043325
14730462,0x68963DC7C28A36fcacb0B39Ac2D807b0329B9c69,0xa693B19d2931d498c5B318dF961919BB4aee87a5,16940937.031226
14730462,0x4B099adc99B6b43543cF9bC28eAf22e2752d198C,0xa693B19d2931d498c5B318dF961919BB4aee87a5,342061.753973
14730462,0xd041460A62d24aC3598c635F12F95791A3F8e886,0xa693B19d2931d498c5B318dF961919BB4aee87a5,8489469.902636
14730462,0xB985AC454332B8d5e25379326b20E7ED07aCE135,0xa693B19d2931d498c5B318dF961919BB4aee87a5,22591.394161
14730462,0x7E26096EcF5C8e8622ba041d7b2C70A9C43A55c2,0xa693B19d2931d498c5B318dF961919BB4aee87a5,447566.746316
14730462,0x5A154E4408Be554216a709E2C1637ef5ca141dD8,0xa693B19d2931d498c5B318dF961919BB4aee87a5,338845.644594
14730462,0xA31C53454E867f0beab985caB91966bD8792F632,0xa693B19d2931d498c5B318dF961919BB4aee87a5,0.067762
14730462,0xCbB3B4Ff26ec85e3765AA6bADd6e57414B799562,0xa693B19d2931d498c5B318dF961919BB4aee87a5,6494214.364314
14730462,0x8AdB3854Eec9Bc0Cd5cD7A2e587b77a6Cda585Fc,0xa693B19d2931d498c5B318dF961919BB4aee87a5,571162.912210
14730462,0x09732C94654F77E3650424942A1E7e05181F1420,0xa693B19d2931d498c5B318dF961919BB4aee87a5,2573560.076862
14730462,0x3113AB5c691ECDAC25C07bBF2bf80EB005e4088C,0xa693B19d2931d498c5B318dF961919BB4aee87a5,60376.427373
14730462,0x51E00F94118e91fCD233E85dDA49085258a05Ea2,0xa693B19d2931d498c5B318dF961919BB4aee87a5,221225.142777
14730462,0xb3F09f6D5D1d22579383e56123B7C360F343e255,0xa693B19d2931d498c5B318dF961919BB4aee87a5,200844.339579
14730462,0xEFA965F5733A8846ea479E3429C6F39c3557Db47,0xa693B19d2931d498c5B318dF961919BB4aee87a5,28.732426
14730462,0x62408bf2F6f93a62eFc9bC93dE76847dbCb2AE54,0xa693B19d2931d498c5B318dF961919BB4aee87a5,225810.664710
14730462,0x5a2C70B16B9Cfd4b81Aa86D0175FF139dC23Ba1c,0xa693B19d2931d498c5B318dF961919BB4aee87a5,564.819878
14849042,0xd4A39d219ADB43aB00739DC5D876D98Fdf0121Bf,0xa693B19d2931d498c5B318dF961919BB4aee87a5,33160.196239
14849042,0x62d51Fa08B15411D9429133aE5F224abf3867729,0xa693B19d2931d498c5B318dF961919BB4aee87a5,5.416031
14849042,0x8Efe1CDbbB15258b16ee294b7Ee0bC83b72dBC42,0xa693B19d2931d498c5B318dF961919BB4aee87a5,3290.823872
14849042,0x1dE84cBA6689769843F68B685b27bf20fB28d2E4,0xa693B19d2931d498c5B318dF961919BB4aee87a5,4267.793142
14849042,0x846976AdDe6f17aFD4590312781Dca81455C21d8,0xa693B19d2931d498c5B318dF961919BB4aee87a5,436.987622
14849042,0xB2e1515Dfe9BdE106299C33529C582e5388D195D,0xa693B19d2931d498c5B318dF961919BB4aee87a5,0.004336
14849042,0xc4dD652Ea32cE963a77C7acA1701A4D66C531FBA,0xa693B19d2931d498c5B318dF961919BB4aee87a5,10.859345
14849042,0x5E51d1f456d8438fFA867c978699522574DbbC76,0xa693B19d2931d498c5B318dF961919BB4aee87a5,0.000596
14849042,0x91E90f4Cc8780EE6C083aBEc6b38791520C7D4B0,0xa693B19d2931d498c5B318dF961919BB4aee87a5,867.352964
14849042,0xd6A22Dc6BF1f8a200E1788D298B1E33A358BA9E7,0xa693B19d2931d498c5B318dF961919BB4aee87a5,10845.745718
14849042,0x39C2440Be4a7F9f604841E47E6AC5Ec9b8B2071a,0xa693B19d2931d498c5B318dF961919BB4aee87a5,2699.686012
14849042,0x351e819aFd39731fb555D158CC55FD925440Be97,0xa693B19d2931d498c5B318dF961919BB4aee87a5,943.519438
14849042,0x08d2C94F47b5Ca3C3193e599276AAbF24aADc9a1,0xa693B19d2931d498c5B318dF961919BB4aee87a5,32.508590
14849042,0xF948fdFFb62Bc7e788c79F5eE4e48dEBe90785A2,0xa693B19d2931d498c5B318dF961919BB4aee87a5,6.507749
14849042,0xA86e412109f77c45a3BC1c5870b880492Fb86A14,0xa693B19d2931d498c5B318dF961919BB4aee87a5,7216.349173
14849042,0x854B60CE369a67b487Adae77b359CC1DAd1fAb78,0xa693B19d2931d498c5B318dF961919BB4aee87a5,65080.935469
14849042,0x9538D438d506Fc426dB37fb83daC2a0752A02757,0xa693B19d2931d498c5B318dF961919BB4aee87a5,0.364157
14849042,0x0b39a46D9FE2f26ffe03c5f32fdF19541e1e92C8,0xa693B19d2931d498c5B318dF961919BB4aee87a5,0.898613
14849042,0xAE75B29ADe678372D77A8B41225654138a7E6ff1,0xa693B19d2931d498c5B318dF961919BB4aee87a5,0.765163
14849042,0x3167b932336b029bBFE1964E435889FA8e595738,0xa693B19d2931d498c5B318dF961919BB4aee87a5,0.029874
14849042,0xCfe9A8521Ca45D60a423b9c7124BAe725f073F51,0xa693B19d2931d498c5B318dF961919BB4aee87a5,108.718056
14849042,0x37b27bAA0B04a00ba5E325e88267B4511577e203,0xa693B19d2931d498c5B318dF961919BB4aee87a5,3.205566
14849042,0xb0c0283334009d09C6F4Ee43091a92dceF0baC20,0xa693B19d2931d498c5B318dF961919BB4aee87a5,101.596590
14849042,0x2b13cBbe4B8d3f1fCd4bf020e609DeB89147C182,0xa693B19d2931d498c5B318dF961919BB4aee87a5,1.082571
14849042,0x0281A3EB91FDBD599963ee9f9Be8cbc439F931bc,0xa693B19d2931d498c5B318dF961919BB4aee87a5,1082.502301
14849042,0x9f78Fa06Ab709BE30F61ffEaec2DBF9863BD2e34,0xa693B19d2931d498c5B318dF961919BB4aee87a5,215.935765
14849042,0x59a55416f8e9CD46C6DedF50a8E31f60ce2957D1,0xa693B19d2931d498c5B318dF961919BB4aee87a5,2784.918114
14849042,0x3166355327A7aAC44f39b95299083A11d86457c1,0xa693B19d2931d498c5B318dF961919BB4aee87a5,886.510924
14849042,0xf9412Ae72f76716a656215552501F9519FF833Ab,0xa693B19d2931d498c5B318dF961919BB4aee87a5,108.257493
14849042,0x9958edE15f07AFFDA5600ac88367d47FcdC7f052,0xa693B19d2931d498c5B318dF961919BB4aee87a5,5.413922
14849042,0x6995870D9890e10979aFCbDEA5d8D249e969822D,0xa693B19d2931d498c5B318dF961919BB4aee87a5,1.082723
14849042,0xA265D056BA61cAbF9Cb1F9d7e2129734b56cC531,0xa693B19d2931d498c5B318dF961919BB4aee87a5,315.673003
14849042,0xFa760444A229e78A50Ca9b3779f4ce4CcE10E170,0xa693B19d2931d498c5B318dF961919BB4aee87a5,898.934531
14849042,0x5ebDE9d0f8c1FDC3F406266445cb04D2Bf9D5ac4,0xa693B19d2931d498c5B318dF961919BB4aee87a5,540.277084
14849042,0xd398C07665007ef1dE1C99a1765e0F227e4084bC,0xa693B19d2931d498c5B318dF961919BB4aee87a5,1955.217309
14849042,0x5b83C55B7728fe2b488af62A6930614aa84f776A,0xa693B19d2931d498c5B318dF961919BB4aee87a5,191.069439
14849042,0xd07BCdF0C49eCB100856B2FB659552fa1429edCB,0xa693B19d2931d498c5B318dF961919BB4aee87a5,113.855799
14849042,0xc7382F0c5854B0b7e2Bf05adA0360dC47505BF68,0xa693B19d2931d498c5B318dF961919BB4aee87a5,10856.237963
14849042,0x1c4f9F3cD557a21604cB5831edDd7023a3C63371,0xa693B19d2931d498c5B318dF961919BB4aee87a5,108.620937
14849042,0xAdCC57A64Dfe3f67800644711BEA6d2572dA32da,0xa693B19d2931d498c5B318dF961919BB4aee87a5,33.072661
14849042,0x7c325F13395334a376D7D388FD3450d38488a1AF,0xa693B19d2931d498c5B318dF961919BB4aee87a5,18933.589620
14849042,0xbF212630e5818E9CBEeF8470A823eF7Acd52779d,0xa693B19d2931d498c5B318dF961919BB4aee87a5,108.587234
14849042,0x6C99C45b39D1cddb61b272798ea1dA2cDAc9bCc8,0xa693B19d2931d498c5B318dF961919BB4aee87a5,0.108421
14849042,0x82eaf244A82F02De6c83e8106581bC3D3211cb23,0xa693B19d2931d498c5B318dF961919BB4aee87a5,88875.640953
14849042,0xf4a8E405481A15923C13022016Ea33827Ae87469,0xa693B19d2931d498c5B318dF961919BB4aee87a5,964.524675
14849042,0x684e63E201de029876D8A04dC16656D52c1A0321,0xa693B19d2931d498c5B318dF961919BB4aee87a5,667.853442
14849042,0x2797ff1C04A20ABEc5B8bC2a5b76A41D70d097C3,0xa693B19d2931d498c5B318dF961919BB4aee87a5,7582.433652
14849042,0xdEe1FFf7c1F8BaFE2767C72a3afE81e3A944eF7e,0xa693B19d2931d498c5B318dF961919BB4aee87a5,323.009209
14849042,0x5d908c88bE270889C0953E7dfF1C8E1D699cEeA3,0xa693B19d2931d498c5B318dF961919BB4aee87a5,81362.006024
14849042,0x8908273fBCF375e16D17d85d4e5716dDa9553FED,0xa693B19d2931d498c5B318dF961919BB4aee87a5,10839.425377
14849042,0x6baf3Ad271f1474595f04Dfc6d2675170A20bdf6,0xa693B19d2931d498c5B318dF961919BB4aee87a5,107982.049434
14849042,0xA8b3FdFBf87b36fC66dA8e6274c19a02bd88d9C3,0xa693B19d2931d498c5B318dF961919BB4aee87a5,54549.847010
14849042,0x61Dd72B1a57642f75e24AC37294Bd473dC070ff9,0xa693B19d2931d498c5B318dF961919BB4aee87a5,433.270309
14849042,0x6AbBf31304371B64AD96652c4DFdbAe989656DDF,0xa693B19d2931d498c5B318dF961919BB4aee87a5,2174838.589929
14849042,0xf70c1CB0A9833ba9613f054dB71Ab3eAf45060b6,0xa693B19d2931d498c5B318dF961919BB4aee87a5,21703.263483
14849042,0x044a9c43e95AA9FD28EEa25131A62b602D304F1f,0xa693B19d2931d498c5B318dF961919BB4aee87a5,92891.718438
14849042,0xc5398Ad3b30E5b9d9Eb98CbB8A07529E5B365Dc9,0xa693B19d2931d498c5B318dF961919BB4aee87a5,315.112512
14849042,0xE5350E927B904FdB4d2AF55C566E269BB3df1941,0xa693B19d2931d498c5B318dF961919BB4aee87a5,705131.601334
14849042,0xA335ADE338308B8e071Cf2c8F3cA5e50F6563C60,0xa693B19d2931d498c5B318dF961919BB4aee87a5,28673.986518
14849042,0xc8fF37F7d057dF1BB9Ad681b53Fa4726f268E0e8,0xa693B19d2931d498c5B318dF961919BB4aee87a5,2049.009547
14849042,0x4f2222879D0F2E35dbf0d9e35A228953B71181dd,0xa693B19d2931d498c5B318dF961919BB4aee87a5,233558.907507
14849042,0x8DaCcb7De40C0F34BE4C8e931450FAFa4d4f2B6D,0xa693B19d2931d498c5B318dF961919BB4aee87a5,58106.043699
14849042,0xEFA965F5733A8846ea479E3429C6F39c3557Db47,0xa693B19d2931d498c5B318dF961919BB4aee87a5,55.092267
14849042,0x5a2C70B16B9Cfd4b81Aa86D0175FF139dC23Ba1c,0xa693B19d2931d498c5B318dF961919BB4aee87a5,1082.999653
14849042,0x393aD7280F4742d21ECB9773B33312EE5B08a66f,0xa693B19d2931d498c5B318dF961919BB4aee87a5,33638.782270
14849042,0x7129CF658975af0a90df1c0420Aa127A69F64801,0xa693B19d2931d498c5B318dF961919BB4aee87a5,1082.125159
14849042,0xe4b5Ced52B98540DE52df9f288C2cdb8697C8F37,0xa693B19d2931d498c5B318dF961919BB4aee87a5,0.000000
14849042,0x3Ed12F7598F9263149f527E1e74437EB40bf7187,0xa693B19d2931d498c5B318dF961919BB4aee87a5,13526.459647
14849042,0xAAE70D74f3DF8B466E09616476D7ba79aEA2dB28,0xa693B19d2931d498c5B318dF961919BB4aee87a5,59508.260996
